spec,loc,no,aspect_ratio,shine_coverage,shine_intensity,body_color_b,body_L,lbp_texture_score,canny_edge_density,mean_saturation,lab_a_mean,red_ratio,hue_mean,redness_purity,brightness_mean,brown_dominance,color_cov,valid_pixels,body_score,eye_score,gill_score,rule_quality
BANG,BWM,1,0.227,0.053,242.09,-10.502,51.53,1141,0.075,32,0.928,0,4.97,180.28,88.26,0.061,0.238,111281,0.679,0.689,0.818,high
BANG,BWM,2,0.279,0.021,238.88,-12.908,57.13,629,0.15,42.15,0.159,0,7.67,151.72,96.54,0.293,0.254,123332,0.54,0.75,0.564,mid
BANG,BWM,3,0.277,0.01,234.24,-10.309,55.13,481,0.173,38.22,0.725,0.002,7.35,179.55,88.44,0.135,0.246,81842,0.441,0.702,0.729,mid
BANG,BWM,4,0.24,0.013,236.43,-12.365,53.24,1404,0.142,33.97,-0.484,0,5.79,159.59,95.02,0.093,0.237,123549,0.479,0.942,0.729,high
BANG,BWM,5,0.216,0.021,242.67,-8.989,54.16,1350,0.109,37.54,-0.294,0,1.26,157.24,76.01,0.02,0.27,98230,0.573,0.84,0.839,high
BANG,BWM,6,0.233,0.033,236.17,-10.94,59.49,845,0.101,38.79,3.737,0.079,7.93,166.91,102.48,0.227,0.196,72211,0.526,0.609,0.651,mid
BANG,BWM,7,0.273,0.017,238.54,-9.761,54.91,670,0.113,79.65,12,0.447,7.34,167.47,82.74,0.316,0.27,100669,0.513,0.349,0.598,low
BANG,BWM,8,0.229,0.009,227.97,-10.104,52.98,1039,0.076,28.87,-0.059,0,7.06,166.68,69,0.18,0.265,94678,0.333,0.71,0.671,mid
BANG,BWM,9,0.24,0.029,232.78,-10.555,58.11,1349,0.079,30.85,-1.139,0,4,178.49,79.61,0.057,0.18,115159,0.462,0.78,0.851,high
BANG,BWM,10,0.268,0.025,240.49,-8.395,59.03,1326,0.117,33.86,1.344,0,6.02,168.91,130.12,0.025,0.226,125568,0.535,0.823,0.787,high
BANG,BWM,12,0.245,0.064,233.91,-3.803,65.89,578,0.085,33.83,-0.283,0,178.81,171.5,102.8,0.001,0.266,184410,0.418,0.604,0.891,mid
BANG,BWM,13,0.235,0.028,233.12,-2.584,63.47,1412,0.102,41.25,0.625,0,177.62,207.63,87.72,0,0.19,163952,0.284,0.77,0.941,high
BANG,BWM,14,0.258,0.092,235.01,1.177,68.62,175,0.118,31.3,-0.19,0,1.77,146.12,116.8,0.029,0.296,189553,0.393,0.619,0.787,mid
BANG,BWM,15,0.356,0.082,235.17,0.159,66.92,411,0.114,35.48,-0.765,0,178.22,174.25,92.59,0.001,0.251,140934,0.393,0.676,0.891,high
BANG,BWM,16,0.293,0.081,238.34,-8.825,72.43,902,0.065,27.99,-0.686,0,1.64,166.27,93.59,0.004,0.283,179051,0.655,0.657,0.861,high
BANG,BWM,17,0.232,0.053,230.75,-0.788,69.81,1278,0.122,45.33,-0.063,0,178.86,173.06,114.02,0.003,0.311,149669,0.268,0.853,0.883,high
BANG,BWM,18,0.273,0.08,236,0.607,64.06,331,0.087,50.76,0.177,0,179.03,169.78,81.32,0.002,0.194,158609,0.393,0.475,0.911,mid
BANG,BWM,19,0.256,0.069,234.08,2.98,68.86,816,0.064,48.76,0.773,0,2.61,152.55,103.44,0.024,0.25,139670,0.288,0.51,0.803,mid
BANG,BWM,20,0.287,0.054,229.33,-0.929,67.98,277,0.053,35.11,-1.225,0,179.4,159.89,143.24,0.001,0.321,172696,0.25,0.474,0.855,mid
BANG,BWM,21,0.257,0.08,233.07,1.684,67.1,244,0.074,50.77,0.524,0,1.1,154.9,113.62,0.037,0.299,185137,0.319,0.391,0.819,low
BANG,BWM,22,0.282,0.028,225.73,0.205,65.41,1148,0.082,13.9,1.454,0,9.35,167.35,107.63,0.588,0.346,99835,0.097,0.716,0.444,low
BANG,BWM,23,0.293,0.018,224.2,-2.568,62.54,733,0.099,21.22,0.73,0.001,4.2,176.57,95.42,0.067,0.289,148788,0.136,0.692,0.806,mid
BANG,BWM,24,0.281,0.023,222.9,-1.736,65.22,369,0.072,19.06,0.849,0,9.18,168.85,112.74,0.522,0.311,102491,0.127,0.486,0.462,low
BANG,BWM,25,0.263,0.033,226.12,-2.283,67.13,1114,0.069,21.33,0.552,0,6.82,187.92,88.28,0.298,0.363,69736,0.175,0.695,0.648,low
BANG,BWM,26,0.261,0.018,218.63,-0.137,64.64,238,0.071,17.57,0.368,0,7.61,154.26,77.78,0.16,0.25,69229,0.077,0.463,0.64,low
BANG,BWM,27,0.261,0.02,223.15,-2.022,65.83,1751,0.069,15.53,0.508,0,5.01,158.32,99.54,0.091,0.233,101993,0.126,0.705,0.742,mid
BANG,BWM,28,0.262,0.055,237.15,-2.561,66.73,1181,0.102,17.5,1.938,0,5.53,190.18,79.6,0.018,0.158,30311,0.419,0.775,0.878,high
BANG,BWM,29,0.321,0.038,227.21,-2.604,68.73,215,0.09,19.94,1.283,0,5.71,158.47,92.77,0.071,0.208,98483,0.212,0.493,0.746,low
BANG,BWM,30,0.274,0.049,232.05,-2.926,67.24,480,0.078,20.55,1.242,0,5.21,178.47,86.59,0.048,0.229,113295,0.33,0.527,0.817,mid
BANG,BWM,31,0.308,0.069,234.08,-2.246,68.18,694,0.086,20.61,1.612,0,7.27,163.7,94.41,0.215,0.243,67392,0.398,0.604,0.647,low
BANG,CFM,1,0.328,0.101,234.8,0.634,59.05,1412,0.091,35.49,1.326,0,179.95,111.33,94.78,0,0.253,130628,0.426,0.722,0.751,mid
BANG,CFM,2,0.328,0.09,232.94,1.533,57.13,1433,0.087,33.91,1.592,0,6.31,110.28,82.47,0.248,0.332,201968,0.345,0.704,0.476,low
BANG,CFM,3,0.407,0.058,237.02,-1.588,62.37,1397,0.079,34.36,0.466,0,0.17,126.1,57.76,0,0.154,85389,0.404,0.711,0.818,mid
BANG,CFM,4,0.326,0.154,240.16,-0.223,63.48,938,0.079,37.02,1.868,0.001,178.42,142.12,68.77,0,0.217,213952,0.675,0.598,0.816,high
BANG,CFM,5,0.356,0.04,231.08,-5.764,56.53,1051,0.144,42.8,1.703,0,1.86,144.35,87.22,0.147,0.337,183474,0.357,0.812,0.709,mid
BANG,CFM,6,0.349,0.031,229.72,-6.712,59.73,1739,0.082,34.97,3.65,0.082,3.41,144.59,73.99,0.029,0.218,251052,0.332,0.635,0.772,mid
BANG,CFM,7,0.322,0.08,236.34,-5.8,59.5,839,0.09,24.85,1.802,0,5.07,158.73,83.32,0.012,0.166,223731,0.548,0.652,0.801,mid
BANG,CFM,8,0.304,0.081,236.09,-6.565,58.7,777,0.086,24.41,1.029,0.002,2.01,170.75,101.9,0.009,0.171,152028,0.563,0.647,0.896,high
BANG,CFM,9,0.304,0.103,240.35,-4.817,55.15,1329,0.09,26.62,1.959,0,178.79,166.49,73.43,0,0.15,147518,0.651,0.725,0.91,high
BANG,CFM,10,0.247,0.096,235.33,0.77,55.2,1401,0.048,39.88,5.656,0.055,2.82,158.39,98.63,0.023,0.229,143353,0.418,0.554,0.822,mid
BANG,CFM,11,0.307,0.061,235.07,2.456,57.32,1402,0.051,25.93,3.199,0.017,1.59,136.42,82.39,0.024,0.282,125608,0.283,0.599,0.769,mid
BANG,CFM,12,0.297,0.089,234.29,2.584,61.49,1508,0.053,17.17,2.662,0,1.26,153.57,66.22,0.023,0.236,130374,0.343,0.609,0.838,mid
BANG,CFM,13,0.299,0.091,236.11,2.386,60.52,1006,0.053,26.64,3.246,0.028,2.09,144.73,73.84,0.006,0.233,85117,0.38,0.559,0.806,mid
BANG,CFM,14,0.298,0.177,237.06,0.808,60.67,1318,0.077,28.93,1.48,0,2.32,148.71,71.51,0.109,0.304,55825,0.648,0.687,0.74,mid
BANG,CFM,15,0.284,0.007,232.03,0.155,42.91,1318,0.066,34.08,2.258,0.008,2.59,180.77,95.65,0,0.098,302878,0.16,0.601,0.923,mid
BANG,CFM,16,0.241,0.004,231.01,1.063,61.45,335,0.043,30.74,-0.051,0,179.42,163.56,90.33,0.014,0.143,264880,0.122,0.463,0.908,mid
BANG,CFM,17,0.276,0.006,230.76,-1.307,58.62,591,0.09,35.41,1.147,0.006,179.06,164.83,85.63,0.002,0.168,224807,0.173,0.572,0.905,mid
BANG,CFM,18,0.237,0.031,231.45,-1.948,59.54,972,0.06,38.01,1.024,0.017,4.61,159.21,118.7,0.004,0.239,205384,0.249,0.579,0.795,mid
BANG,CFM,19,0.24,0.033,242.51,-1.992,60.66,327,0.085,28.99,-0.405,0,10.24,191.64,86.6,0.465,0.183,17236,0.438,0.555,0.553,low
BANG,CFM,20,0.298,0.028,231.04,1.365,67.33,975,0.055,38.33,1.444,0.002,179.45,168.82,80.25,0.002,0.171,154622,0.158,0.564,0.923,mid
BANG,CFM,21,0.243,0.039,228.3,-0.433,67.83,518,0.067,39.66,2.996,0.017,179.86,146.28,94.2,0,0.225,150790,0.183,0.393,0.854,low
BANG,CFM,22,0.268,0.069,229.67,0.749,69.42,958,0.079,29.44,1.84,0,179.87,147.99,98.73,0.004,0.232,173957,0.256,0.631,0.855,mid
BANG,CFM,23,0.285,0.026,232.38,1.712,62.86,1483,0.086,29,1.246,0.003,0.07,148.76,117.68,0.001,0.249,213501,0.167,0.73,0.855,mid
BANG,CFM,24,0.234,0.023,229.72,3.247,65.83,566,0.05,41.4,2.327,0,178.46,151.05,84.07,0.006,0.191,199315,0.096,0.409,0.846,low
BANG,CFM,25,0.214,0.015,237.63,-0.095,65.94,413,0.062,44.43,4.364,0.073,1.95,140.76,107.66,0.017,0.293,206164,0.265,0.336,0.775,low
BANG,CFM,26,0.281,0.07,238.62,-4.299,63.47,275,0.074,36.8,0.627,0,175.7,145.58,114.78,0.001,0.186,220697,0.523,0.44,0.78,mid
BANG,CFM,27,0.313,0.065,236.91,-5.15,63.86,369,0.081,34.16,0.669,0,179.77,134.43,111.6,0.01,0.243,122016,0.504,0.498,0.81,mid
BANG,CFM,28,0.227,0.077,238.89,-2.359,66.35,1448,0.081,29.19,0.712,0.003,177.95,128.86,101.37,0,0.282,264974,0.501,0.726,0.751,mid
BANG,CFM,29,0.256,0.064,234.03,-3.089,71.2,548,0.065,34.15,-0.659,0,4.66,133.79,115.94,0.005,0.2,269760,0.404,0.537,0.734,mid
BANG,CFM,30,0.257,0.032,234.54,-0.126,60.59,187,0.076,37.75,1.076,0.001,179.09,135.17,104.17,0,0.235,273728,0.26,0.405,0.805,low
BANG,CFM,31,0.242,0.011,227.91,9.566,68.1,303,0.105,40.99,-0.123,0.001,178.44,140.88,55.68,0,0.192,77452,0.036,0.574,0.82,low
BANG,CFM,32,0.211,0.044,234.62,6.697,64.57,503,0.115,52.4,1.094,0.034,177.64,129.75,79.48,0,0.224,197637,0.232,0.585,0.764,mid
BANG,CFM,33,0.246,0.008,232.59,7.114,61.42,489,0.091,43.58,0.229,0,179.94,141.93,74.05,0.05,0.178,198901,0.114,0.555,0.832,mid
BANG,CFM,34,0.257,0.045,232.22,10.622,77.04,213,0.097,51.56,0.051,0,177.2,125.04,52.47,0,0.203,94835,0.194,0.48,0.749,low
BANG,CFM,35,0.243,0.028,231.62,12.662,67.09,357,0.096,35.01,0.034,0,2.01,146.88,73.69,0,0.144,284995,0.138,0.569,0.84,mid
BANG,CFM,36,0.264,0.043,229.21,0.403,69.89,416,0.082,34.11,-0.025,0,178.86,153.5,70.28,0.006,0.157,319885,0.189,0.54,0.871,mid
BANG,CFM,37,0.245,0.011,222.52,4.839,73.63,1428,0.052,28.46,1.016,0.002,178.24,156.49,71.97,0,0.118,313015,0,0.657,0.872,mid
BANG,CFM,38,0.248,0.018,226.95,4.294,75.02,508,0.069,30.37,1.505,0.004,179.38,145.31,76.21,0,0.214,269746,0.037,0.477,0.845,low
BANG,CFM,39,0.249,0.033,225.93,4.996,70.38,443,0.056,38.38,1.616,0,177.37,132.94,85.02,0,0.156,284017,0.058,0.409,0.787,low
BANG,CFM,40,0.261,0.02,234.62,2.298,69.93,538,0.063,37.06,-0.157,0,178.33,157.52,67.13,0,0.138,274174,0.174,0.503,0.876,mid
BANG,CFM,41,0.228,0.076,236.23,8.569,72.62,765,0.089,41.23,-0.294,0,1.13,143.19,76.37,0.127,0.211,243779,0.341,0.649,0.767,mid
BANG,CFM,42,0.263,0.087,236.5,6.926,76.1,405,0.065,36.23,-0.805,0,178.25,151.41,65.12,0,0.125,234079,0.374,0.495,0.858,mid
BANG,CFM,43,0.299,0.078,240.4,3.727,72.03,418,0.092,42.01,0.501,0,179.89,151.66,68.27,0.025,0.104,211089,0.415,0.533,0.879,mid
BANG,CFM,45,0.281,0.091,237.24,7.085,73.54,490,0.077,47.97,0.493,0,179.14,132.88,64.17,0,0.132,204679,0.398,0.48,0.824,mid
BANG,CFM,46,0.233,0.059,231.41,4.862,73.03,282,0.08,38.03,-0.475,0,2.3,129.91,55.37,0.097,0.233,179385,0.216,0.499,0.715,low
BANG,CFM,47,0.263,0.047,236.94,2.098,71.27,300,0.069,29.71,-1.097,0,179.45,166.4,52.62,0,0.103,170488,0.287,0.511,0.923,mid
BANG,CFM,48,0.265,0.02,238.75,0.066,65.32,712,0.083,40.2,-0.029,0.001,179.42,181.53,50,0,0.113,204510,0.294,0.605,0.965,high
BANG,CFM,49,0.325,0.022,229.88,4.83,69.78,616,0.067,44.66,-1.19,0,179.18,189.06,61.97,0,0.091,180700,0.095,0.546,0.981,mid
BANG,CFM,50,0.273,0.05,232.86,-1.179,70.56,461,0.097,39.07,-0.694,0,178.73,190.5,65.67,0,0.114,285799,0.304,0.613,0.975,high
BANG,CFM,51,0.246,0.001,237.48,-5.394,64.17,540,0.09,32.76,0.313,0.001,5.1,166.96,87.95,0.008,0.146,221430,0.38,0.597,0.83,mid
BANG,CFM,52,0.321,0.034,224.81,-7.352,68.06,546,0.089,44.52,3.454,0.011,0.75,156.53,63.83,0.02,0.153,283532,0.289,0.466,0.881,mid
BANG,CFM,53,0.252,0.024,228.14,-4.186,57.21,387,0.06,44.41,0.008,0,2.05,151.88,75.48,0.037,0.229,254377,0.228,0.431,0.812,low
BANG,CFM,54,0.336,0.045,225.52,-3.524,70.14,716,0.071,30.67,1.827,0.003,3.45,157.62,43.07,0,0.145,172915,0.229,0.528,0.841,mid
BANG,CFM,55,0.258,0.008,230.64,-4.026,58.38,474,0.096,45.62,0.632,0.01,179.53,163.36,67.36,0,0.111,207972,0.235,0.547,0.916,mid
BANG,CFM,56,0.264,0.012,226.03,0.726,58.8,672,0.077,44.89,0.598,0.003,1.34,176.28,53.9,0,0.086,202226,0.049,0.535,0.935,mid
BANG,CFM,57,0.196,0.005,223.44,0.496,57.7,813,0.094,35.94,-0.357,0.003,179.23,176.75,63.86,0,0.103,308599,0.048,0.701,0.948,mid
BANG,CFM,58,0.243,0.048,226.05,0.156,69.18,295,0.08,39.1,0.387,0,0.67,147.54,80.45,0.023,0.123,322924,0.154,0.469,0.857,mid
BANG,CFM,59,0.325,0.019,231.6,1.171,62.67,375,0.067,42.02,0.163,0,1.92,170.6,77.8,0.079,0.21,212973,0.147,0.441,0.851,low
BANG,CFM,60,0.249,0.012,219.71,3.259,56.28,367,0.039,47.98,0.196,0,179.99,171.31,44.35,0,0.117,242887,0,0.407,0.948,low
BANG,CFM,61,0.303,0.002,232.29,-1.734,65.28,900,0.054,37.91,-1.441,0,0.79,176.56,63.07,0,0.138,220170,0.208,0.643,0.947,mid
BANG,CFM,62,0.247,0.06,239,3.321,73.32,322,0.042,25.22,-0.951,0,177.49,139.34,81.05,0,0.156,266355,0.344,0.508,0.807,mid
BANG,CFM,63,0.275,0.042,230.35,7.028,74.34,1052,0.097,35,-1.491,0,178.23,158.79,80.43,0,0.098,200964,0.156,0.815,0.878,mid
BANG,CFM,64,0.278,0.029,243.64,5.627,77.91,704,0.066,32.61,1.633,0,0.09,153.9,85.09,0.007,0.208,291532,0.324,0.506,0.878,mid
BANG,CFM,65,0.238,0.043,241.95,5.707,80.94,1118,0.091,28.13,-0.485,0.002,0.18,115.56,99.69,0,0.252,329486,0.35,0.803,0.76,mid
BANG,NFP,1,0.227,0.109,236.2,-0.449,67.49,550,0.154,27.78,0.241,0,8.89,119.88,41.49,0.48,0.163,38152,0.496,0.772,0.384,low
BANG,NFP,2,0.269,0.111,240.05,-0.565,66.51,756,0.104,21.33,1.017,0,0.27,164.03,56.68,0.004,0.261,82593,0.568,0.705,0.889,high
BANG,NFP,3,0.26,0.114,235.9,-2.036,68.84,1264,0.121,14.24,-0.819,0,6.18,179.56,80.02,0.397,0.363,72864,0.542,0.943,0.588,mid
BANG,NFP,4,0.233,0.129,236.2,-3.706,69.26,1091,0.118,15.62,-0.075,0,11.04,113.37,114.46,0.833,0.122,18825,0.625,0.891,0.316,low
BANG,NFP,5,0.249,0.138,237.32,-1.923,66.82,658,0.112,18.25,0.442,0,6.82,156.79,59.51,0.089,0.239,14346,0.623,0.728,0.701,mid
BANG,NFP,6,0.32,0.144,236.38,-5.515,70.3,1280,0.091,14.66,-0.081,0,5.98,156.4,51.29,0.178,0.246,24872,0.709,0.805,0.671,mid
BANG,NFP,7,0.26,0.139,241.86,-1.434,67.52,551,0.106,12.56,0.358,0,179.32,191.58,50.08,0.005,0.205,37542,0.69,0.681,0.968,high
BANG,NFP,8,0.27,0.151,235.09,2.725,66.7,1318,0.106,39.9,0.865,0.002,2.83,182.52,68.03,0.162,0.26,66840,0.518,0.78,0.81,high
BANG,NFP,9,0.225,0.14,235.72,2.538,64.71,1529,0.116,25.24,-0.43,0.025,3.15,159.26,80.68,0.17,0.355,105631,0.5,0.91,0.708,high
BANG,NFP,11,0.303,0.178,240.33,2.939,73.4,78,0.151,18.46,-1.693,0,178.11,170.97,61.09,0.001,0.193,43058,0.661,0.703,0.897,high
BANG,NFP,12,0.23,0.137,239.47,1.312,70.93,744,0.107,17.53,-0.59,0.002,1.71,154.4,80.7,0.046,0.266,67087,0.581,0.771,0.811,high
BANG,NFP,13,0.25,0.168,237.53,-1.27,70.62,971,0.11,14.85,-1.74,0.01,0.19,163.08,67.64,0.015,0.212,52605,0.691,0.872,0.896,high
BANG,NFP,14,0.283,0.097,242.39,-4.458,67.2,1195,0.109,15.35,0.142,0,3.08,143.31,91.72,0.115,0.263,87824,0.66,0.862,0.719,high
BANG,NFP,15,0.278,0.112,242.23,-4.1,66.5,1602,0.089,19.45,-0.093,0,1.25,164.13,74.7,0.026,0.248,53713,0.688,0.798,0.862,high
BANG,NFP,16,0.265,0.129,236.09,-4.255,68.38,1132,0.09,23.57,-1.286,0,1.88,147.54,88.91,0.09,0.309,97458,0.635,0.841,0.754,high
BANG,NFP,17,0.27,0.157,235.23,-0.443,75.09,704,0.154,23.47,1.017,0.002,179.31,139.7,92.43,0.001,0.184,54294,0.606,0.795,0.836,high
BANG,NFP,18,0.35,0.159,238.96,-0.456,71.74,1371,0.131,21.94,-1.788,0,177.58,145.71,96.13,0.065,0.23,49184,0.671,0.995,0.773,high
BANG,NFP,19,0.253,0.191,239.19,-0.675,76.76,546,0.153,19.94,-1.985,0,178.55,136.85,105.89,0.011,0.257,53164,0.718,0.834,0.787,high
BANG,NFP,20,0.257,0.221,242.25,-2.847,76.1,610,0.151,18.92,-2.192,0,0.21,164.32,78.59,0.045,0.273,51289,0.819,0.852,0.867,high
BANG,NFP,21,0.299,0.172,238.33,-0.997,74.91,1396,0.115,20.39,-0.618,0,177.34,150.79,85.79,0,0.211,56593,0.709,0.913,0.82,high
BANG,NFP,22,0.268,0.171,242.5,-2.829,75.57,805,0.149,17.6,-0.341,0.016,0.82,183.43,85.21,0.032,0.279,73281,0.816,0.871,0.913,high
BANG,NFP,23,0.431,0.152,241.18,-1.45,75.37,1092,0.087,13.48,-0.441,0,179.33,150.63,70.76,0.024,0.258,50287,0.713,0.791,0.834,high
BANG,NFP,24,0.281,0.167,232.62,-0.381,72.29,1232,0.123,21.35,-1.567,0,0.91,156.27,87.32,0.128,0.276,70583,0.586,0.968,0.788,high
BANG,NFP,25,0.218,0.167,237.86,0.849,74.19,1449,0.142,15.42,-0.509,0.011,177.38,152.42,99.16,0.002,0.216,66225,0.645,0.971,0.823,high
BANG,NFP,26,0.29,0.147,243.7,-3.931,76.72,653,0.126,14.23,-0.338,0.005,179.37,167.54,113.36,0.011,0.25,65773,0.782,0.807,0.891,high
BANG,NFP,27,0.366,0.109,234.89,1.222,67.94,282,0.098,27.93,0.895,0,179.08,143,73.02,0.062,0.181,137164,0.435,0.548,0.811,mid
BANG,NFP,28,0.327,0.114,235.71,2.255,69.7,401,0.116,25.2,1.375,0,177.13,130.91,82.35,0.001,0.199,124786,0.439,0.638,0.764,mid
BANG,NFP,29,0.295,0.135,237.37,-0.869,70.47,900,0.105,16.19,0.879,0,7.18,82.94,132.62,0.126,0.136,30035,0.594,0.756,0.543,mid
BANG,NFP,30,0.321,0.091,238.73,-0.476,65.81,158,0.103,26.54,1.355,0,1.73,143.75,98.32,0.088,0.245,166103,0.491,0.519,0.766,mid
BANG,NFP,31,0.279,0.097,235.96,0.092,63.6,443,0.112,28.29,1.498,0,0.58,149.74,99.37,0.01,0.186,176634,0.448,0.622,0.861,mid
BANG,PWM,1,0.293,0.18,240.15,-4.231,63.32,1468,0.114,30.4,-1.596,0,3.54,136.39,88.94,0.125,0.276,157572,0.817,0.918,0.682,high
BANG,PWM,2,0.336,0.151,239.1,-2.819,59.46,1126,0.087,30.27,2.986,0,3.62,116.67,86.72,0.281,0.232,140296,0.708,0.667,0.56,mid
BANG,PWM,3,0.294,0.139,238.38,-3.394,66.49,1213,0.095,18.53,1.675,0,3.05,110.18,81.03,0.138,0.197,137235,0.679,0.758,0.635,mid
BANG,PWM,4,0.346,0.126,240.19,-5.046,63.65,1115,0.071,23.61,0.771,0,7.07,117.47,67.05,0.256,0.238,78003,0.713,0.696,0.504,mid
BANG,PWM,5,0.317,0.139,240.03,-2.343,63.37,1299,0.114,25.02,2.109,0,5.36,117.25,71.04,0.165,0.251,75007,0.683,0.81,0.579,mid
BANG,PWM,6,0.282,0.102,240.03,-1.746,62.08,1328,0.119,20.59,1.629,0.001,3.69,135.21,67.46,0.064,0.195,84902,0.57,0.847,0.729,high
BANG,PWM,7,0.389,0.098,239.5,-0.31,62.42,243,0.087,32.19,1.46,0,7.42,153.54,74.55,0.244,0.148,43237,0.519,0.465,0.629,low
BANG,PWM,8,0.252,0.095,239.89,-1.356,64.23,1292,0.058,15.63,0.176,0,9.99,150.72,67.51,0.475,0.254,26341,0.54,0.696,0.424,low
BANG,PWM,9,0.246,0.114,242.96,-0.958,62.02,694,0.095,30.23,0.627,0,5.68,117.48,108.09,0.064,0.245,76777,0.627,0.655,0.626,mid
BANG,PWM,10,0.293,0.104,243.87,-1.24,60.7,1394,0.095,27.23,1.755,0,12.72,124.86,70.52,0.804,0.218,96015,0.608,0.748,0.295,low
BANG,PWM,11,0.297,0.042,232.6,-2.058,49.9,1479,0.102,22.27,0.834,0,6.23,146.51,69.42,0.088,0.14,30302,0.298,0.812,0.711,mid
BANG,PWM,12,0.247,0.117,242.85,-1.31,60.58,1178,0.103,25.34,-1.306,0,3.23,150.01,73.81,0.03,0.192,85251,0.643,0.894,0.797,high
BANG,PWM,13,0.305,0.134,241.81,-0.503,62.61,1579,0.099,27.6,-0.054,0,3.37,155.73,85.26,0.059,0.18,91979,0.654,0.827,0.8,high
BANG,PWM,14,0.309,0.134,241.79,-1.212,60.22,1418,0.081,28.98,1.55,0,12.7,122.45,84.7,0.828,0.217,73359,0.67,0.699,0.289,low
BANG,PWM,15,0.312,0.081,241.28,-1.785,57.46,58,0.092,35.04,0.698,0,11.91,121.71,75.44,0.725,0.216,104425,0.538,0.449,0.303,low
BANG,PWM,16,0.267,0.142,240.45,-2.02,59.97,1495,0.061,24.91,1.416,0.004,6.24,144.09,70.31,0.275,0.253,107304,0.689,0.653,0.581,mid
BANG,PWM,17,0.286,0.092,241.11,-2.253,55.04,612,0.087,23.95,-1.071,0,6.25,154.09,67.57,0.03,0.216,42351,0.575,0.679,0.741,mid
BANG,PWM,18,0.286,0.119,242.4,-1.48,62.66,1429,0.117,34.59,-1.235,0,6.66,147.35,89.23,0.185,0.23,59291,0.648,0.909,0.633,mid
BANG,PWM,19,0.237,0.127,238.94,-2.139,61.84,1350,0.053,40.06,3.359,0.034,10.94,148.21,102.72,0.748,0.254,84078,0.627,0.553,0.385,low
BANG,PWM,20,0.238,0.101,242.13,-0.961,58.91,1475,0.102,23.63,-0.154,0,4.21,130.01,72.76,0.039,0.247,67806,0.585,0.849,0.702,high
BANG,PWM,21,0.269,0.108,238.95,-2.578,61.44,1380,0.101,16.78,1.083,0,8.41,169.17,79.45,0.379,0.202,122545,0.59,0.801,0.569,mid
BANG,PWM,22,0.318,0.014,225.58,-0.696,53.72,264,0.074,24.3,0.151,0,5.05,145.67,61.84,0.035,0.137,52942,0.081,0.488,0.758,low
BANG,PWM,23,0.265,0.027,238.78,-8.127,60.27,1267,0.091,24.99,3.219,0.025,8.51,169.14,77.01,0.342,0.155,45415,0.503,0.701,0.6,mid
BANG,PWM,24,0.287,0.059,237.82,-5.488,61.94,997,0.101,23.91,1.272,0,3.12,127.78,80.12,0.047,0.224,77946,0.511,0.754,0.72,mid
BANG,PWM,25,0.252,0.038,241.7,-6.085,64.05,1162,0.097,27.22,1.701,0,6.63,182.42,83.85,0.067,0.084,20595,0.533,0.76,0.813,high
BANG,PWM,26,0.264,0.05,235.85,-3.543,56.72,809,0.118,25.89,2.503,0.006,14.09,53.22,91.03,0.981,0.193,21882,0.409,0.721,0.206,low
BANG,PWM,27,0.317,0.05,233.69,-6.893,61.5,1704,0.096,17.28,1.098,0,7.39,145.64,74.35,0.187,0.206,63310,0.452,0.783,0.619,mid
BANG,PWM,28,0.297,0.043,235.88,-2.503,56.92,1391,0.117,17.88,0.909,0,9.12,107.8,123.59,0.571,0.184,94157,0.367,0.864,0.33,low
BANG,PWM,29,0.257,0.037,237.25,-3.086,52.22,292,0.051,37.46,1.263,0,6.49,156.51,94.49,0.13,0.207,91926,0.388,0.383,0.696,low
BANG,PWM,30,0.24,0.095,233.94,-2.057,55.62,90,0.076,9,0.036,0,3.35,129.22,61.65,0.171,0.226,62514,0.458,0.452,0.657,low
BANG,PWM,31,0.263,0.098,243.6,-3.246,59.96,1123,0.087,33.3,2.81,0.018,7.06,135.61,81.95,0.268,0.18,123067,0.638,0.66,0.565,mid
BANG,PWM,32,0.308,0.061,231.98,-3.766,55.75,1130,0.082,21.25,1.631,0,8.54,153.38,82.58,0.282,0.21,72669,0.378,0.707,0.569,low
BANG,PWM,33,0.302,0.109,240.42,-3.903,62.92,1251,0.118,19.63,0.736,0,4.21,143.18,90.64,0.078,0.147,159708,0.647,0.876,0.747,high
BANG,PWM,34,0.369,0.101,241.98,-1.434,59.67,1143,0.06,22.76,0.283,0,5.2,138.83,92.89,0.018,0.199,62110,0.593,0.693,0.731,mid
BANG,PWM,35,0.307,0.026,237.94,-9.159,67.51,1556,0.093,35.05,-1.388,0,7.19,186.73,103.06,0.091,0.149,191775,0.512,0.824,0.802,high
BANG,PWM,36,0.275,0.014,239.97,-10.991,67.99,295,0.086,40.61,-0.885,0,6.91,188.69,105.44,0.128,0.196,135290,0.542,0.53,0.781,mid
BANG,PWM,37,0.304,0.02,245.37,-10.554,66.18,917,0.087,33.54,0.582,0.001,5.37,179.87,76.54,0.043,0.155,230808,0.601,0.678,0.842,high
BANG,PWM,38,0.269,0.081,238.34,-4.272,61.78,479,0.094,39.18,-1.71,0,7,193.81,104.98,0.072,0.179,227046,0.548,0.631,0.816,mid
BANG,PWM,39,0.237,0.051,236.36,-4.619,59.59,362,0.114,29.98,-0.532,0,8.24,183.01,80.97,0.294,0.265,127330,0.446,0.674,0.636,mid
BANG,PWM,40,0.295,0.029,241.5,-5.049,60.06,334,0.101,39.71,-0.619,0,3.36,184.04,62.45,0.004,0.164,195008,0.481,0.59,0.911,high
BANG,PWM,41,0.305,0.117,236.63,-6.093,59.04,1185,0.072,30.97,-0.326,0,2.04,167.31,63.37,0.008,0.189,232193,0.655,0.725,0.881,high
BANG,PWM,42,0.256,0.029,245.37,-5.439,58.09,194,0.089,41.41,-0.209,0,4.41,166.87,90.66,0.021,0.212,289275,0.51,0.487,0.819,mid
BANG,PWM,43,0.373,0.021,240.63,-4.985,54.9,724,0.083,33.72,-0.813,0,4.99,177.06,83.33,0.09,0.206,329202,0.446,0.657,0.803,mid
BANG,PWM,44,0.297,0.04,230.08,-6.3,60.41,445,0.085,25.28,-0.077,0,4.41,166.06,77.32,0.04,0.249,240863,0.35,0.588,0.797,mid
BANG,PWM,45,0.242,0.028,236.45,-6.245,56,576,0.083,24.4,-1.398,0,4.48,180.72,80.44,0.054,0.185,207480,0.425,0.661,0.847,mid
BANG,PWM,46,0.25,0.058,225.45,-4.194,52.88,214,0.092,35.74,-0.59,0,4.42,167.46,81.33,0.048,0.194,284034,0.277,0.536,0.813,mid
BANG,PWM,47,0.241,0.025,229.02,-8.944,65.1,1322,0.093,28.52,-1.451,0,9.73,176.08,95.55,0.29,0.165,137239,0.356,0.846,0.617,mid
BANG,PWM,48,0.322,0.005,229.57,-6.907,62.05,1024,0.097,20.75,0.293,0,5.8,196.45,87.2,0.131,0.164,127267,0.285,0.78,0.815,mid
BANG,PWM,49,0.252,0.01,231.52,-7.731,56.93,1297,0.119,22.9,0.111,0,5.1,174.34,84.74,0.089,0.171,250735,0.336,0.902,0.804,high
BANG,PWM,50,0.276,0.008,226.5,-7.918,58.6,1425,0.09,23.08,-0.295,0,10.34,185.25,103.91,0.308,0.248,133378,0.257,0.807,0.598,low
BANG,PWM,51,0.262,0.018,229.29,-5.311,58.65,328,0.123,34,-0.278,0,8.98,169.01,83.51,0.34,0.165,156216,0.257,0.675,0.588,low
BANG,PWM,52,0.25,0.008,234.16,-7.614,60.51,358,0.086,41.68,2.397,0,8.77,200.17,100.52,0.257,0.183,78298,0.377,0.43,0.687,low
BANG,PWM,53,0.247,0.039,237.58,-6.229,58.07,1505,0.104,38.44,3.638,0.052,7.59,206.33,71.43,0.074,0.174,77585,0.472,0.704,0.804,mid
BANG,PWM,54,0.281,0.011,239.69,-6.562,58.05,1037,0.076,25.11,0.183,0,13.18,21.79,135.64,0.99,0.223,51284,0.443,0.71,0.216,low
BANG,PWM,55,0.254,0.038,232.16,-3.635,66.59,284,0.096,31.28,0.905,0,3.67,155,80.76,0.151,0.252,283771,0.318,0.529,0.725,low
BANG,PWM,56,0.26,0.047,221.25,-4.15,67.28,552,0.085,28.94,-1.293,0,0.24,170.97,77.04,0.008,0.195,212075,0.248,0.648,0.926,mid
BANG,PWM,57,0.312,0.052,232.23,-2.775,61.24,1162,0.104,22.83,-1.277,0,7.55,173.92,115.63,0.327,0.233,196030,0.336,0.893,0.617,mid
BANG,PWM,58,0.348,0.032,227.48,-4.223,64.77,1601,0.102,16.73,-0.46,0,3.53,160.46,103.77,0.09,0.233,349853,0.238,0.86,0.778,mid
BANG,PWM,59,0.261,0.069,232.63,-2.535,66.46,327,0.137,32.56,-1.534,0,5.57,174.65,94.45,0.218,0.24,150726,0.382,0.75,0.711,mid
BANG,PWM,60,0.254,0.039,228.42,-4.649,66.5,591,0.121,19.4,0.086,0,2.62,158.51,62.07,0.095,0.249,276638,0.284,0.757,0.784,mid
CARP,CFM,1,0.304,0.081,230.95,0.497,68.54,1385,0.073,20.34,3.34,0.11,0.39,164.94,92.36,0,0.12,178222,0.585,0.707,0.922,high
CARP,CFM,2,0.251,0.052,227.5,0.137,65.38,197,0.102,28.94,4.032,0.03,0.71,158.32,94.1,0.002,0.168,247325,0.382,0.561,0.892,mid
CARP,CFM,3,0.305,0.08,231.94,-0.821,65.32,1065,0.121,17.51,1.992,0.006,179.87,161.29,58.34,0,0.093,88924,0.639,0.865,0.918,high
CARP,CFM,4,0.297,0.037,237.87,6.22,78.73,1422,0.049,22.07,2.34,0.002,0.51,170.61,84.84,0,0.129,330456,0.309,0.676,0.936,high
CARP,CFM,5,0.251,0.042,223.58,7.493,64.02,1301,0.092,35.41,0.435,0.003,3.79,193.8,125.1,0,0.104,232301,0.146,0.817,0.924,high
CARP,EXT,1,0.312,0.027,222.18,4.247,43.28,1197,0.048,43.96,2.385,0.002,11.4,85.95,138.9,0.777,0.239,241212,0.107,0.653,0.246,low
CARP,EXT,2,0.357,0.086,230.81,4.965,48.75,97,0.083,21.18,0.992,0.028,171.92,152.42,130.57,0,0.137,261371,0.455,0.519,0.734,mid
CARP,EXT,3,0.424,0.013,237.76,10.511,69.07,74,0.07,70.38,0.288,0,177.95,180.62,59.69,0.07,0.201,59351,0.188,0.413,0.883,mid
CARP,EXT,4,0.342,0.036,234.56,11.28,64.59,660,0.066,53.3,0.42,0,8.42,62.99,182.34,0.214,0.233,15416,0.243,0.711,0.451,low
CARP,NFP,1,0.302,0.096,241.02,-7.918,69.72,566,0.084,32.87,3.512,0.013,176.9,148.86,105.92,0.006,0.26,64013,0.965,0.719,0.789,high
CARP,NFP,2,0.276,0.135,231.91,-1.685,74.9,79,0.136,58.35,1.848,0,179.31,182.48,135.26,0.002,0.232,116805,0.747,0.581,0.941,high
CARP,NFP,3,0.252,0.104,238.35,-0.763,70.35,49,0.11,38.67,1.723,0,2.87,158.73,150.65,0.042,0.29,178643,0.829,0.541,0.795,high
CARP,NFP,4,0.263,0.071,238.81,2.457,67.62,862,0.079,34.97,6.894,0.175,2.32,156.4,92.47,0.003,0.242,170476,0.602,0.631,0.833,high
CARP,NFP,5,0.314,0.087,234.58,-1.086,59.4,1341,0.066,53.04,6.891,0.251,2.64,139.95,131.77,0.097,0.309,245578,0.73,0.521,0.715,mid
CARP,NFP,6,0.4,0.079,230.11,0.612,73.61,1293,0.091,16.44,1.224,0,0.91,152.22,118.62,0.026,0.271,192255,0.554,0.801,0.829,high
CARP,NFP,7,0.317,0.033,230.32,-1.51,71.04,683,0.109,29.51,7.465,0.319,3.41,166.21,101.8,0.013,0.249,209261,0.392,0.642,0.831,mid
CARP,NFP,8,0.267,0.048,231.34,-3.646,73.02,1584,0.12,32.95,0.778,0,1.76,137.89,112.93,0.052,0.241,136208,0.551,0.888,0.768,high
CARP,NFP,9,0.278,0.042,231.71,-1.78,59.78,599,0.107,38.76,3.721,0.024,0.72,147.46,99.7,0.013,0.338,189089,0.468,0.782,0.807,high
CARP,NFP,10,0.273,0.069,230.05,-1.812,72.97,965,0.084,26.27,3.137,0.082,2.12,161.32,138.86,0.054,0.309,210674,0.584,0.743,0.805,high
CARP,NFP,11,0.283,0.037,230.92,1.631,66.11,1506,0.096,38.85,6.469,0.274,178.55,131.73,118.09,0,0.262,96864,0.314,0.618,0.777,mid
CARP,NFP,12,0.357,0.052,232.43,0.927,68.59,1122,0.084,36.47,5.415,0.161,2.69,148.33,100.25,0.105,0.342,204982,0.443,0.66,0.723,mid
CARP,NFP,13,0.381,0.09,226.62,-1.946,69.2,804,0.094,33.19,4.393,0.033,4.98,154.46,158.53,0.159,0.258,245971,0.643,0.744,0.691,mid
CARP,NFP,14,0.36,0.068,232.5,0.451,72.73,1016,0.098,15.89,2.247,0.001,2.81,147.8,119.3,0.049,0.289,138075,0.543,0.8,0.762,high
CARP,NFP,15,0.277,0.075,230.52,3.972,66.2,1208,0.083,24.25,4.901,0.108,1.76,148.1,154.54,0.029,0.336,173874,0.426,0.7,0.781,mid
CARP,NFP,16,0.294,0.032,231.27,-1.147,63.9,1056,0.095,41.18,3.466,0.025,2.14,153.71,76.36,0.015,0.253,303335,0.389,0.751,0.819,mid
CARP,NFP,17,0.405,0.076,231.42,-2.457,70.9,1093,0.092,17.95,2.694,0,1.44,136.3,106.84,0.018,0.31,142815,0.669,0.775,0.767,high
CARP,NFP,18,0.372,0.07,231.78,-3.559,69.81,381,0.095,24.12,1.725,0,1.46,150.96,141.26,0.042,0.289,243617,0.672,0.687,0.802,high
CARP,NFP,19,0.281,0.04,232.73,-0.132,68.45,81,0.078,38.55,1.577,0.01,1.41,131.58,93.62,0.019,0.252,203121,0.421,0.475,0.771,mid
CARP,NFP,20,0.268,0.03,242.77,-0.276,72.38,949,0.102,23.04,2.344,0,1.78,169.35,94.56,0.023,0.233,213690,0.55,0.808,0.872,high
CARP,NFP,21,0.258,0.075,231.93,1.599,71.93,1382,0.098,27.66,1.687,0,1.99,148.54,93.93,0.033,0.262,178948,0.53,0.811,0.797,high
CARP,NFP,22,0.228,0.032,226.78,5.504,65.81,342,0.083,22.56,1.466,0,3.3,133.68,133.02,0.022,0.263,208268,0.091,0.64,0.734,low
CARP,NFP,23,0.272,0.009,245.32,0.636,72.99,537,0.084,24.14,2.045,0,4.14,167.41,120.33,0.196,0.288,334836,0.442,0.732,0.717,mid
CARP,NFP,24,0.245,0.03,231.04,-1.991,69.29,319,0.085,12.33,0.893,0,2.3,152.92,119.31,0.015,0.23,196248,0.406,0.644,0.821,mid
CARP,NFP,25,0.261,0.044,231.73,-0.404,74.22,992,0.08,30.51,1.184,0,3.34,147.39,125.76,0.076,0.28,250511,0.433,0.773,0.74,mid
CARP,NFP,26,0.327,0.058,233.3,-1.882,69.07,551,0.077,23.47,1.296,0,3.12,128.92,120.61,0.017,0.32,245751,0.587,0.738,0.711,mid
CARP,NFP,27,0.283,0.066,234.7,2.764,74.19,1540,0.1,20.33,1.618,0.024,0.08,142.82,114.91,0.001,0.278,235201,0.491,0.817,0.83,high
CARP,NFP,28,0.268,0.048,238.06,3.021,69.4,1416,0.117,49.31,2.552,0,1.82,130.24,118.37,0.034,0.202,120893,0.449,0.809,0.766,mid
CARP,NFP,29,0.239,0.059,230,0.212,68.49,1056,0.112,15.08,0.362,0,2.99,147.74,102.25,0.093,0.231,261262,0.463,0.875,0.753,high
CARP,NFP,30,0.23,0.036,230.74,0.502,59.75,414,0.12,19.36,0.456,0,2.33,139.1,128.76,0.015,0.238,162968,0.347,0.795,0.78,mid
CARP,NFP,31,0.268,0.081,232.09,2.796,70.99,391,0.14,18.26,1.847,0,2.61,158.67,121.07,0.074,0.209,307080,0.526,0.808,0.807,high
CARP,NFP,32,0.239,0.067,230.04,3.389,69.72,101,0.077,17.62,1.118,0,1.25,170.72,111.15,0.001,0.155,221729,0.398,0.504,0.92,mid
CARP,NFP,33,0.266,0.076,235.56,-3.219,70.31,85,0.093,33.64,1.623,0,0.87,126.12,88.59,0.002,0.225,105569,0.764,0.528,0.783,mid
CARP,NFP,34,0.253,0.016,240.75,-1.892,66.09,1162,0.076,19.99,0.924,0,1.23,139.34,81.89,0.076,0.255,101705,0.499,0.769,0.767,mid
CARP,NFP,35,0.454,0.014,246.2,-1,64.17,1095,0.1,31.22,3.679,0.053,178.88,182.05,114.53,0,0.21,133947,0.498,0.774,0.938,high
CARP,NFP,36,0.294,0.015,239.45,0.876,73.65,305,0.103,17.98,1.104,0,1.01,166.38,96.56,0.006,0.217,154466,0.372,0.68,0.892,high
CARP,NFP,37,0.379,0.044,234.76,2.911,67.53,935,0.096,21.51,4.692,0.084,1.04,173.81,109.78,0,0.179,150502,0.377,0.745,0.926,high
CARP,PWM,1,0.264,0.033,229.19,2.975,63.04,1375,0.129,19,2.734,0,2.91,147.72,99.1,0.043,0.268,340745,0.216,0.87,0.769,mid
CARP,PWM,2,0.265,0.062,233.96,4.604,60.74,180,0.145,32.46,1.648,0.01,7.18,152.59,154.93,0.137,0.202,252481,0.397,0.713,0.669,mid
CARP,PWM,3,0.269,0.051,234.04,0.206,65.14,1461,0.073,51.3,7.252,0.308,10.03,136.45,109.87,0.383,0.259,194920,0.491,0.514,0.428,low
CARP,PWM,4,0.331,0.065,231.15,2.564,59.32,455,0.103,29.69,2.573,0,4.9,173.32,69.85,0.064,0.211,224395,0.433,0.729,0.806,mid
CARP,PWM,5,0.27,0.035,229.35,2.455,64.45,508,0.083,23.5,3.229,0,7.44,152.83,87.52,0.189,0.243,221887,0.25,0.691,0.627,low
CARP,PWM,6,0.232,0.034,229.39,2.746,59.06,475,0.114,48.74,8.1,0.368,2.37,157.72,81.9,0.008,0.261,289886,0.234,0.532,0.828,mid
CARP,PWM,7,0.281,0.069,234.35,3.972,61.19,203,0.126,28.19,3.789,0.025,8.09,154.62,87.63,0.3,0.213,264595,0.462,0.632,0.572,low
CARP,PWM,8,0.325,0.076,235.26,2.918,62.72,388,0.077,34.88,4.117,0.075,7.93,182.55,106.49,0.04,0.161,140715,0.55,0.59,0.797,mid
CARP,PWM,9,0.245,0.039,231.46,-1.473,61.74,896,0.099,37.34,1.869,0,8.61,158.99,95.12,0.187,0.174,287404,0.442,0.802,0.641,mid
CARP,PWM,10,0.24,0.046,235.96,3.527,64.61,1169,0.1,45.89,3.585,0.046,5.41,169.82,102.45,0.086,0.177,239646,0.386,0.751,0.785,mid
TILA,BWM,1,0.321,0.006,240.62,-6.964,41.86,1200,0.102,54.38,2.664,0.058,178.75,177.64,127.72,0.002,0.2,181164,0.417,0.458,0.925,mid
TILA,BWM,2,0.379,0.008,229.79,-8.918,40.02,507,0.11,74.17,2.251,0.067,178.39,170.35,107.58,0,0.158,215896,0.349,0.542,0.911,mid
TILA,BWM,3,0.376,0.004,240.04,-15.113,42.07,1457,0.103,82.1,2.943,0.098,178.63,117.88,153.13,0.013,0.222,197233,0.494,0.398,0.745,low
TILA,BWM,4,0.332,0.021,225.38,-10.814,44.57,520,0.095,57.25,6.608,0.283,1.27,161.91,116.13,0.063,0.167,317384,0.504,0.455,0.86,mid
TILA,BWM,5,0.344,0.006,238.28,-7.47,46.24,788,0.063,48.96,1.37,0.019,1.93,152.51,138.78,0.003,0.125,122523,0.401,0.393,0.856,mid
TILA,BWM,6,0.378,0.01,236.84,-5.298,40.81,457,0.089,39.09,1.701,0.059,180,164.74,155.09,0.001,0.165,174909,0.415,0.594,0.925,high
TILA,BWM,7,0.371,0.019,232.5,-3.505,38.74,697,0.127,45.85,2.197,0.012,179.25,159.79,136.75,0.026,0.182,281221,0.463,0.563,0.879,mid
TILA,BWM,8,0.374,0.013,229.66,-9.012,31.6,1096,0.095,66.67,4.032,0.062,177.66,167.79,128.85,0.001,0.204,161159,0.425,0.385,0.876,mid
TILA,BWM,9,0.339,0.002,223.78,-11.792,30.5,381,0.041,89.45,2.932,0.008,178.74,154.97,96.73,0.001,0.177,326724,0.259,0.4,0.869,mid
TILA,BWM,10,0.378,0.008,226.46,-5.931,41.31,880,0.054,51.57,0.186,0.046,0.3,151.35,106.11,0,0.204,176540,0.265,0.389,0.871,mid
TILA,BWM,11,0.333,0.044,217.42,-2.306,63.82,1219,0.109,39.21,1.138,0.042,178.4,134.19,107.05,0,0.291,265932,0.523,0.54,0.773,mid
TILA,BWM,12,0.365,0.062,225.26,-1.383,59.31,493,0.109,54,5.304,0.179,178.44,145.32,96.02,0.005,0.225,221432,0.556,0.525,0.821,mid
TILA,BWM,13,0.363,0.015,220.09,-2.47,53.2,1354,0.102,41.33,2.928,0.117,176.68,149.57,107.56,0.078,0.232,318587,0.268,0.48,0.759,low
TILA,BWM,14,0.338,0.044,227.81,-2.062,61.13,1247,0.094,44.27,4.571,0.146,179.2,153.11,72.98,0.008,0.204,296381,0.594,0.419,0.862,mid
TILA,BWM,15,0.366,0.021,221.41,-2.248,52.5,1176,0.094,47.06,3.771,0.144,179.68,154.71,92.44,0.019,0.225,248971,0.34,0.429,0.864,mid
TILA,BWM,16,0.374,0.013,221.69,0.821,56.69,420,0.083,30.87,2.611,0.08,173.14,124.93,117.62,0.002,0.336,102060,0.193,0.586,0.628,low
TILA,BWM,17,0.415,0.01,216.31,0.93,50.98,1137,0.094,40.31,4.093,0.13,174.87,143.79,120.53,0,0.226,144139,0.145,0.436,0.747,low
TILA,BWM,18,0.362,0.014,217.45,-2.772,52.55,1201,0.068,32.81,2.892,0.096,178.89,123.2,132.04,0.006,0.291,301650,0.251,0.406,0.749,low
TILA,BWM,19,0.312,0.042,228.08,0.244,59.19,1162,0.073,48.74,7.434,0.301,176.59,132.06,139.9,0,0.169,198934,0.567,0.325,0.766,low
TILA,BWM,20,0.418,0.024,222.35,-2.924,52.86,1383,0.123,34.14,4.404,0.118,179.39,115,119.23,0,0.356,273985,0.403,0.52,0.721,low
TILA,BWM,21,0.36,0.008,238.86,-3.703,42.61,1046,0.073,43.24,2.809,0.05,177.81,126.36,122.22,0.001,0.22,330645,0.389,0.401,0.759,low
TILA,BWM,22,0.383,0.008,232.25,-3.905,43.1,535,0.05,40.62,3.9,0.154,176.13,142.47,134.13,0,0.19,287974,0.314,0.413,0.779,low
TILA,BWM,23,0.344,0.01,238.84,-2.88,44.61,549,0.064,49.16,6.019,0.214,179.32,142.6,162.3,0.005,0.314,255666,0.402,0.376,0.806,low
TILA,BWM,24,0.345,0.015,240.56,1.103,43.45,694,0.045,34.98,2.331,0.104,176.8,140.43,121.46,0.001,0.192,271797,0.433,0.386,0.786,low
TILA,BWM,25,0.354,0.015,229.33,1.981,46.52,1841,0.088,29.71,3.054,0.088,1.45,147.85,104.62,0.037,0.24,281641,0.294,0.456,0.81,mid
TILA,BWM,26,0.373,0.049,223.27,-3.059,58.56,727,0.096,38.53,3.232,0.077,176.39,177.01,137.84,0.002,0.174,160879,0.556,0.462,0.884,mid
TILA,BWM,27,0.382,0.033,225.21,-0.713,62.57,1382,0.081,30.55,2.408,0.045,179.68,152.2,115.62,0,0.161,114631,0.547,0.451,0.886,mid
TILA,BWM,28,0.321,0.024,224.04,-1.54,59.13,361,0.061,26.48,7.083,0.125,178.57,133.51,154.81,0.004,0.21,306361,0.416,0.484,0.795,mid
TILA,BWM,29,0.375,0.018,222.18,-2.234,48.62,704,0.126,32.41,1.119,0,176.19,171.16,144.23,0.004,0.201,304465,0.319,0.605,0.855,mid
TILA,BWM,30,0.358,0.023,221.29,-4.196,48.4,373,0.094,49.3,7.439,0.254,179.6,139.79,131.13,0,0.259,274205,0.398,0.534,0.821,mid
TILA,CFM,1,0.386,0.01,233.45,2.274,33.67,777,0.12,48.29,3.884,0.104,1.73,140.23,113.39,0.002,0.404,293216,0.265,0.494,0.754,low
TILA,CFM,2,0.377,0.02,233.51,1.831,39.65,725,0.094,37.67,3.875,0.082,179.12,173.06,69.29,0,0.184,61484,0.419,0.445,0.926,mid
TILA,CFM,3,0.354,0.014,234.06,-0.821,31.7,1461,0.099,32.34,3.808,0.026,1.24,182.52,90.97,0.087,0.213,194869,0.373,0.469,0.893,mid
TILA,CFM,4,0.352,0.013,231.79,1.595,38.9,1160,0.104,18.7,0.093,0,0.85,179.71,100.75,0.018,0.194,232737,0.309,0.559,0.933,mid
TILA,CFM,5,0.334,0.021,242.66,-0.559,42.16,1142,0.094,39.48,3.817,0.103,178.15,169.03,73.75,0,0.139,105567,0.565,0.444,0.905,mid
TILA,CFM,6,0.379,0.013,236.93,-0.118,42.99,1584,0.096,45.13,5.651,0.16,1.73,163.81,64.79,0,0.181,237816,0.384,0.4,0.884,mid
TILA,CFM,7,0.406,0.009,233.92,-1.658,26.13,359,0.047,35.61,5.608,0.131,178.69,166.36,82.85,0.001,0.17,78015,0.314,0.466,0.902,mid
TILA,CFM,8,0.365,0.015,244.15,-3.036,39.54,1123,0.092,53.05,6.084,0.17,178.86,171.83,70.25,0,0.158,70304,0.533,0.366,0.925,mid
TILA,CFM,9,0.359,0.01,233.27,1.806,25.89,315,0.095,76.96,7.562,0.24,0.97,186.82,82.13,0.011,0.147,276903,0.272,0.505,0.966,mid
TILA,CFM,10,0.383,0.004,242.51,-0.581,44.81,370,0.075,46.28,3.213,0.046,177.28,150.55,96.44,0.004,0.185,125819,0.326,0.548,0.824,mid
TILA,CFM,11,0.332,0.007,240.66,-3.602,40,1270,0.082,40.92,1.622,0.023,179.25,149.62,102.57,0.01,0.25,218011,0.383,0.455,0.839,mid
TILA,CFM,12,0.356,0.01,247.58,2.649,46.38,456,0.096,38.34,3.091,0.143,0.08,136.21,116.74,0.007,0.331,261022,0.409,0.584,0.794,mid
TILA,CFM,13,0.387,0.007,235.93,2.061,45.1,370,0.1,62.8,5.694,0.222,177.59,150.59,115.72,0,0.219,110339,0.262,0.529,0.823,mid
TILA,CFM,14,0.367,0.004,220.89,5.253,54.68,1056,0.091,41.38,3.334,0.099,178.15,121.19,115.39,0.003,0.217,210387,0.011,0.443,0.751,low
TILA,CFM,15,0.369,0.004,239.72,2.325,41.86,451,0.108,74.39,7.484,0.281,177.39,165.73,90.47,0.003,0.152,174860,0.261,0.483,0.879,mid
TILA,CFM,16,0.361,0.01,243.23,2.694,46.52,782,0.07,49.25,6.484,0.2,177.73,137.25,113.97,0.024,0.28,240061,0.377,0.316,0.759,low
TILA,CFM,17,0.359,0.012,230.77,0.911,49.04,1463,0.088,34.78,3.806,0.13,0.27,135.94,102.6,0.027,0.308,296745,0.285,0.437,0.786,low
TILA,CFM,18,0.37,0.011,243.07,2.505,44.47,753,0.069,64.51,4.79,0.157,178.77,149.88,104.54,0.017,0.19,102489,0.391,0.306,0.844,low
TILA,CFM,19,0.325,0.025,234.58,4.505,48.25,1447,0.087,41.25,2.422,0.002,179.48,150.05,102.5,0.001,0.211,151018,0.468,0.451,0.861,mid
TILA,CFM,20,0.354,0.015,240.8,2.638,49.29,1265,0.101,47.55,3.063,0.128,1.07,143.49,111.64,0.071,0.245,282361,0.42,0.46,0.787,mid
TILA,CFM,21,0.382,0.02,234.8,10.739,51.68,336,0.066,46.83,1.575,0.004,177.98,120.97,130.07,0.001,0.233,216640,0.379,0.572,0.743,mid
TILA,CFM,22,0.376,0.017,232.45,8.337,41.81,131,0.104,21.73,0.16,0,177.26,135.3,120.64,0.005,0.189,174844,0.31,0.819,0.779,mid
TILA,CFM,23,0.388,0.011,231.86,12.602,41.45,677,0.062,56.45,3.414,0.157,1.64,141.42,110.24,0.09,0.26,315560,0.231,0.354,0.756,low
TILA,CFM,24,0.363,0.018,227.52,2.988,44.16,328,0.096,42.07,4.081,0.188,1.55,147.61,125.55,0.08,0.299,255406,0.309,0.613,0.769,mid
TILA,CFM,25,0.363,0.019,231.24,7.246,41.53,385,0.1,33.56,-0.087,0.022,178.82,126.28,83.69,0.005,0.305,226798,0.329,0.702,0.753,mid
TILA,CFM,26,0.337,0.009,242.66,-3.969,53.98,1041,0.066,45.34,3.008,0.043,178.37,147.67,120.73,0.001,0.221,283547,0.443,0.375,0.829,mid
TILA,CFM,27,0.36,0.011,242.24,-5.066,46.41,749,0.057,40.27,6.134,0.156,177.85,146.4,91.62,0.001,0.232,68010,0.483,0.3,0.812,low
TILA,CFM,28,0.306,0.007,238.86,-3.639,51.76,436,0.08,44.82,3.852,0.091,176.3,167.3,114.06,0,0.15,77996,0.367,0.523,0.863,mid
TILA,CFM,29,0.325,0.016,234.24,-0.518,41.72,539,0.054,19.18,2.404,0.005,179.61,149.56,122.64,0.018,0.255,307277,0.401,0.461,0.841,mid
TILA,CFM,30,0.376,0.008,237.05,-1.714,36.63,919,0.091,45.37,3.498,0.099,179.1,140.25,147.04,0.002,0.267,275802,0.341,0.43,0.809,mid
TILA,CFM,31,0.332,0.014,229.95,8.828,43.45,1396,0.088,43.61,1.704,0.088,179.08,135.2,111.16,0.009,0.228,263603,0.246,0.462,0.803,low
TILA,CFM,32,0.345,0.003,235.44,11.828,43.58,521,0.124,63.51,3.381,0.125,177.28,150.34,77.01,0.008,0.186,279426,0.163,0.572,0.821,mid
TILA,CFM,33,0.344,0.009,220.14,5.635,48.48,140,0.08,46.59,3.439,0.111,1.79,140.92,99.6,0.071,0.212,247886,0.077,0.657,0.775,mid
TILA,CFM,34,0.335,0.005,241.64,4.072,31.15,341,0.116,54.26,4.589,0.186,179.84,160.85,85.84,0.016,0.24,279026,0.268,0.624,0.882,mid
TILA,CFM,35,0.342,0.007,241.48,9.053,35.46,324,0.079,45.66,0.114,0,179.96,158.99,65.61,0.001,0.154,171761,0.277,0.645,0.911,mid
TILA,CFM,36,0.363,0.021,245.57,-4.942,53.81,538,0.104,38.62,3.706,0.103,178.72,159.51,83.8,0.003,0.169,277722,0.665,0.555,0.883,high
TILA,CFM,37,0.388,0.02,237.47,-4.183,55.77,769,0.06,37.86,5.852,0.219,0.16,141.89,80.61,0.006,0.218,294901,0.542,0.316,0.841,mid
TILA,CFM,38,0.367,0.012,236.45,-1.685,40.94,1047,0.095,39.62,3.749,0.003,179.72,138.66,93.87,0.003,0.24,304072,0.389,0.447,0.825,mid
TILA,CFM,39,0.364,0.015,248.32,-8.099,44.76,1018,0.081,55.28,5.256,0.135,177.75,161.94,105.89,0.001,0.163,305848,0.615,0.349,0.873,mid
TILA,CFM,40,0.391,0.011,244.31,0.444,41.47,985,0.089,32.69,2.588,0.018,178.15,158.77,97.67,0.002,0.147,312587,0.433,0.47,0.875,mid
TILA,CFM,41,0.336,0.012,240.7,9.811,54.35,170,0.087,42.51,4.275,0.151,176.36,152.53,90.38,0.011,0.21,265730,0.341,0.655,0.801,mid
TILA,CFM,42,0.364,0.021,242.27,9.037,51.15,1119,0.113,43.99,1.591,0.081,176.55,149.23,102.68,0.007,0.196,241728,0.488,0.531,0.801,mid
TILA,CFM,43,0.386,0.025,239.15,11.541,56.34,220,0.086,51.44,9.329,0.377,177.68,146.12,93.75,0.007,0.214,306131,0.506,0.576,0.81,mid
TILA,CFM,44,0.355,0.02,241.09,10.517,59.2,187,0.079,42,3.046,0.105,177.17,155.8,83.97,0.008,0.143,205258,0.455,0.651,0.844,mid
TILA,CFM,45,0.346,0.023,243.63,13.739,54.45,495,0.113,23.19,1.333,0.068,177.59,146.34,92.98,0,0.155,327068,0.523,0.657,0.829,mid
TILA,CFM,46,0.365,0.012,234.95,-5.565,59.06,1020,0.084,48.98,2.111,0.071,177.47,181.95,82.71,0,0.159,330636,0.416,0.434,0.925,mid
TILA,CFM,47,0.34,0.015,245.12,-5.449,50.32,398,0.08,47.36,1.007,0.026,178.85,162.01,105.61,0.001,0.177,272146,0.585,0.592,0.891,high
TILA,CFM,48,0.384,0.009,240.59,-3.109,49.79,229,0.137,46.93,2.115,0.011,177.89,159.55,109.71,0,0.174,315746,0.411,0.795,0.866,high
TILA,CFM,49,0.368,0.009,244.09,-4.269,51.51,176,0.133,56.54,3.248,0.123,178.11,171.18,85.11,0.004,0.134,284168,0.472,0.765,0.908,high
TILA,CFM,50,0.364,0.011,240.73,-3.929,51.95,141,0.105,45.55,7.072,0.259,178.63,165.75,83.9,0.011,0.155,296056,0.454,0.672,0.898,high
TILA,CFM,51,0.361,0.02,239.21,1.798,42.01,97,0.098,65.9,5.843,0.215,179.11,182.99,90.95,0,0.148,311000,0.481,0.636,0.963,high
TILA,CFM,52,0.371,0.01,238.69,5.439,45.15,404,0.122,43.38,4.317,0.142,177.48,144.77,108.28,0.001,0.187,330659,0.291,0.64,0.813,mid
TILA,CFM,53,0.388,0.01,238.62,-3.924,34.55,1128,0.083,47.14,3.835,0.101,179.27,149.48,99.63,0.001,0.186,279904,0.407,0.4,0.862,mid
TILA,CFM,54,0.327,0.009,240.13,-0.826,40.84,1570,0.073,52.22,4.107,0.133,178.89,164.07,105.11,0,0.141,330582,0.368,0.358,0.906,mid
TILA,CFM,55,0.352,0.008,236.28,7.245,35.86,1452,0.081,45.63,2.866,0.079,177.46,146.2,107.79,0,0.173,326168,0.236,0.417,0.821,low
TILA,CFM,56,0.321,0.017,245.7,14.246,37.72,1099,0.067,76.19,8.247,0.336,176.13,152.22,75.33,0.003,0.223,256554,0.462,0.251,0.795,low
TILA,CFM,57,0.335,0.03,244.38,14.035,46.76,165,0.121,86.53,7.491,0.298,177.62,153.59,66.58,0.021,0.176,170249,0.634,0.619,0.833,high
TILA,CFM,58,0.322,0.013,233.89,2.608,26.95,516,0.067,58.4,3.844,0.118,177.15,160.31,102.7,0.009,0.243,290056,0.318,0.426,0.829,mid
TILA,CFM,59,0.338,0.018,235.44,0.444,31.28,388,0.085,66.55,4.87,0.115,179.94,157.66,98.24,0.001,0.203,328928,0.431,0.491,0.894,mid
TILA,CFM,60,0.365,0.027,229.45,1.374,32.6,1492,0.08,42.93,3.746,0.021,177.04,156.39,121.54,0,0.174,298436,0.474,0.402,0.841,mid
TILA,NFP,1,0.323,0.021,244.78,5.363,47.8,1187,0.092,36.52,-0.327,0.025,0.58,140.1,128.74,0.051,0.259,114917,0.517,0.529,0.793,mid
TILA,NFP,2,0.354,0.013,240.95,3.754,40.56,1484,0.091,28.84,1.17,0.035,1.89,139.38,117.04,0.075,0.242,108696,0.377,0.502,0.757,mid
TILA,NFP,3,0.358,0.019,240.56,5.691,43.01,1182,0.118,38.31,1.079,0.045,4.08,136.25,128.02,0.236,0.224,117998,0.437,0.566,0.63,low
TILA,NFP,4,0.363,0.006,229.6,-15.825,31.64,183,0.122,84.84,5.528,0.081,2.23,174.35,146.76,0.106,0.237,66412,0.412,0.627,0.834,mid
TILA,NFP,5,0.391,0.005,245.66,-16.581,31.52,713,0.152,87.49,4.367,0.048,177.92,138.91,89.32,0.048,0.269,86194,0.587,0.478,0.758,mid
TILA,NFP,6,0.371,0.007,246.51,-27.303,25.75,1305,0.098,119.2,7.691,0.283,2.15,176.37,110.19,0.089,0.298,81312,0.631,0.272,0.832,mid
TILA,NFP,7,0.362,0.007,245.73,-11.09,33.61,438,0.118,64.15,2.328,0,3.78,154.67,113.31,0.141,0.228,105947,0.545,0.612,0.733,mid
TILA,NFP,8,0.407,0.004,246.34,-16.549,28.59,337,0.087,85.08,6.009,0.102,179.49,138.67,97.77,0.075,0.272,62662,0.574,0.457,0.775,mid
TILA,NFP,9,0.365,0.012,243,-17.009,30.37,1250,0.135,86.28,3.348,0.006,0.27,170.04,120.88,0.02,0.234,58261,0.662,0.466,0.905,high
TILA,NFP,10,0.39,0.004,244.88,-16.783,27,77,0.094,91,5.037,0.026,178.13,133.27,110.81,0.068,0.249,77375,0.577,0.598,0.743,mid
TILA,NFP,11,0.38,0.004,229.15,-18.008,25.14,411,0.087,104.72,5.241,0.045,0.38,149.42,112.1,0.043,0.321,70509,0.39,0.401,0.809,mid
TILA,NFP,12,0.372,0.002,238.97,-13.221,21.59,1382,0.135,82.49,3.098,0.006,2.46,158.75,127.41,0.178,0.392,91095,0.452,0.478,0.706,low
TILA,NFP,13,0.347,0.005,232.42,-23.71,25.42,151,0.081,158.61,16.791,0.699,0.51,137.46,118.11,0.084,0.271,107062,0.442,0.331,0.767,low
TILA,NFP,14,0.369,0.002,247.67,-25.758,23.3,177,0.114,116.75,9.962,0.516,0.72,124.87,118.9,0.068,0.273,107805,0.58,0.497,0.736,mid
TILA,NFP,15,0.356,0.001,230.13,-22.105,25.92,138,0.073,121.1,9.522,0.477,178.91,126.87,129.16,0.078,0.251,83472,0.402,0.425,0.735,low
TILA,NFP,16,0.36,0.018,244.31,3.314,32.07,1337,0.105,25.53,0.318,0.003,4.33,210.47,59.34,0.054,0.221,18534,0.496,0.557,0.866,mid
TILA,NFP,17,0.374,0.017,238.63,3.468,29.44,1153,0.137,38.75,1.001,0.014,2.34,202.95,110.15,0.08,0.276,70684,0.418,0.616,0.877,mid
TILA,NFP,18,0.419,0.016,244.61,4.239,38.93,1142,0.129,31.04,0.218,0.015,2.47,153.42,119.71,0.043,0.247,31099,0.452,0.621,0.8,mid
TILA,NFP,19,0.395,0.018,243.6,2.03,33.07,1120,0.145,33.13,-0.415,0.035,6.8,146.17,109.88,0.344,0.399,157153,0.505,0.677,0.499,low
TILA,NFP,20,0.368,0.021,243.36,3.916,37.82,418,0.136,32.16,0.594,0,5.98,147.83,115.44,0.175,0.364,122233,0.521,0.767,0.615,mid
TILA,NFP,21,0.364,0.017,241.56,3.481,32.23,564,0.134,50.43,2.575,0.042,3.08,165.83,127.96,0.14,0.299,23107,0.44,0.622,0.759,mid
TILA,NFP,22,0.383,0.006,240.16,3.795,43.64,1285,0.073,23.23,-0.282,0.013,174.02,139.93,84.21,0,0.242,162491,0.272,0.484,0.715,low
TILA,NFP,23,0.427,0.008,240.22,4.237,37.23,152,0.113,63.21,5.783,0.219,175.43,125.27,144,0,0.267,124260,0.295,0.658,0.695,mid
TILA,NFP,24,0.321,0.013,239.06,2.89,39.18,1428,0.075,30.72,0.756,0.033,2.39,149.9,129.94,0.184,0.458,134265,0.365,0.469,0.661,low
TILA,NFP,25,0.393,0.012,239.94,2.794,37.53,1224,0.069,39.38,-0.279,0.013,1.09,120.48,122.64,0.03,0.276,89443,0.371,0.462,0.734,low
TILA,NFP,26,0.38,0.007,243.41,2.657,38.76,965,0.135,27.15,0.439,0.022,3.45,128.62,111.91,0.07,0.258,89755,0.336,0.634,0.695,mid
TILA,NFP,27,0.437,0.008,240.38,2.691,40.53,280,0.099,39.2,3.406,0.119,179.44,151.95,122.35,0.001,0.213,25410,0.32,0.661,0.864,mid
TILA,NFP,28,0.364,0.01,243.11,2.218,45.12,1155,0.09,33.61,0.594,0.013,5.88,197.35,64.3,0.053,0.178,87443,0.377,0.511,0.848,mid
TILA,NFP,29,0.464,0.007,242.46,3.035,40.17,887,0.103,35.03,1.921,0.036,5.22,166.12,106.27,0.203,0.213,159783,0.32,0.515,0.71,low
TILA,NFP,30,0.372,0.012,243.64,3.505,43.81,1289,0.106,28.07,-0.356,0.017,179.11,159.31,88.22,0,0.237,33366,0.401,0.574,0.872,mid
TILA,PWM,1,0.447,0.018,236.17,-1.505,36.93,1253,0.1,27.45,1.775,0.012,1.49,108.51,76.79,0.119,0.229,40168,0.463,0.514,0.662,low
TILA,PWM,2,0.356,0.005,234.87,-0.446,35.68,522,0.072,27.04,1.525,0.049,5.61,132.05,100.61,0.101,0.202,111641,0.258,0.534,0.661,low
TILA,PWM,3,0.339,0.012,230.39,-1.756,38.66,674,0.108,26.17,4.541,0,6.41,157.18,119.57,0.042,0.148,99008,0.312,0.5,0.76,low
TILA,PWM,4,0.344,0.007,229.24,-0.68,41.55,184,0.077,24.53,3.357,0,7.69,157.14,82.73,0.254,0.182,26703,0.219,0.659,0.619,low
TILA,PWM,5,0.342,0.012,235.82,-3.659,36.38,420,0.108,8.86,0.778,0,6.29,161.43,103.45,0.208,0.164,97002,0.401,0.69,0.687,mid
TILA,PWM,6,0.335,0.008,230.33,-0.807,38.93,552,0.113,29.58,0.983,0.037,3.71,161.98,81.88,0.123,0.201,97524,0.249,0.641,0.772,mid
TILA,PWM,7,0.388,0.011,232.17,1.259,45.87,1066,0.085,46.37,2.257,0.03,5.28,161.25,71.71,0.042,0.159,81835,0.275,0.438,0.791,low
TILA,PWM,8,0.357,0.01,228.71,-0.949,37.45,1202,0.117,25.92,0.94,0.024,5.94,136.82,83.2,0.326,0.232,83769,0.264,0.575,0.547,low
TILA,PWM,10,0.365,0.01,229.07,1.021,48.68,1245,0.095,46.36,3.017,0.053,9.3,147.52,89.5,0.473,0.266,59908,0.23,0.447,0.426,low
TILA,PWM,11,0.358,0.011,230.29,-5.564,35.65,1281,0.108,30.88,0.683,0,6.12,136.43,110.71,0.075,0.209,167271,0.352,0.556,0.675,low
TILA,PWM,12,0.366,0.008,235.31,-0.748,34.07,1521,0.089,25.73,0.362,0.009,4.34,147.8,78.25,0.166,0.204,236342,0.304,0.514,0.697,low
TILA,PWM,13,0.358,0.007,234.59,-0.865,39.46,1150,0.096,31.11,1.184,0.049,6.14,152.55,102.84,0.063,0.19,244615,0.285,0.515,0.73,low
TILA,PWM,14,0.356,0.005,230.26,-2.961,34.84,667,0.087,41.63,2.784,0.116,5.46,152.94,83.52,0.214,0.215,241618,0.237,0.468,0.662,low
TILA,PWM,15,0.363,0.008,232.32,0.848,42.66,777,0.065,34.4,2.796,0.033,5.38,154.9,111.56,0.097,0.173,106408,0.245,0.398,0.74,low
TILA,PWM,16,0.348,0.009,232.14,-1.248,39.41,818,0.066,26.62,1.108,0,6,191.15,111.93,0.056,0.148,281984,0.283,0.439,0.852,mid
TILA,PWM,17,0.355,0.015,236.52,-2.93,43.85,127,0.134,8.63,0.161,0,5.12,150.1,109.67,0.093,0.204,178561,0.445,0.901,0.725,high
TILA,PWM,18,0.373,0.011,238.14,-0.975,36.18,949,0.109,26.82,0.565,0.007,4.52,147.62,81.28,0.171,0.172,144725,0.386,0.562,0.7,low
TILA,PWM,19,0.351,0.008,232.7,-0.569,36.55,792,0.081,35.18,1.666,0,7.01,169.51,127.29,0.037,0.148,170258,0.27,0.462,0.784,low
TILA,PWM,20,0.363,0.009,233.74,-3.53,33.46,332,0.08,38.53,2.014,0.014,4.79,150.9,91.16,0.145,0.194,234522,0.34,0.619,0.71,mid
TILA,PWM,21,0.335,0.007,229.35,-2.04,34.4,32,0.129,36.96,1.846,0,3.22,137.1,79.18,0.071,0.235,83402,0.244,0.882,0.729,mid
TILA,PWM,22,0.346,0.009,232.35,-0.565,32.75,1439,0.095,24.7,0.419,0.003,6.37,158.54,106.86,0.064,0.171,196494,0.282,0.529,0.747,low
TILA,PWM,23,0.451,0.006,235.93,-0.483,35.82,800,0.078,32.21,1.491,0,6.97,153.4,107.27,0.221,0.214,253424,0.282,0.462,0.63,low
TILA,PWM,24,0.375,0.007,232.9,-0.039,43.35,756,0.115,18.06,-1.153,0,6.73,158.67,80.35,0.226,0.176,61506,0.255,0.614,0.658,low
TILA,PWM,25,0.329,0.009,237.83,-2.985,32.43,1149,0.069,27.15,2.085,0,5.37,141.97,126.73,0.045,0.219,175021,0.373,0.426,0.717,low
TILA,PWM,26,0.359,0.011,231.22,-3.409,29.55,1071,0.072,41.27,1.581,0,4.89,118.92,117.25,0.106,0.257,146554,0.332,0.429,0.621,low
TILA,PWM,27,0.388,0.012,239,-0.417,42.93,1172,0.111,29.46,0.443,0.003,1.6,148.58,108.36,0.027,0.131,204088,0.402,0.57,0.84,mid
TILA,PWM,28,0.355,0.007,233.55,-2.089,35.86,905,0.059,19.87,1.712,0,9.21,171.56,108.2,0.376,0.204,196482,0.288,0.407,0.561,low
TILA,PWM,29,0.351,0.008,228.74,0.709,42.75,910,0.079,33.52,3.036,0.041,6.19,167.35,96.59,0.083,0.159,271015,0.213,0.432,0.769,low
TILA,PWM,30,0.361,0.013,233.38,-0.763,41.7,742,0.105,34.9,1.479,0.011,6.38,166.68,74.32,0.111,0.178,82411,0.35,0.53,0.744,mid
TILA,PWM,31,0.363,0.012,233.03,-3.772,40.64,124,0.135,18.5,1.236,0,7.58,165.02,105.09,0.27,0.211,110679,0.375,0.883,0.627,mid
TILA,PWM,32,0.368,0.005,230.76,-1.541,36.47,94,0.069,39.63,1.357,0,6.73,180.28,107.53,0.042,0.166,169777,0.221,0.707,0.813,mid
TILA,PWM,33,0.398,0.016,235.69,-0.999,41.49,1071,0.11,44.02,0.509,0.014,2.53,163.59,137.25,0.037,0.28,328488,0.424,0.543,0.82,mid
TILA,PWM,34,0.351,0.043,232.17,-1.975,46.07,27,0.144,31.86,2.08,0,179.22,160.8,125.48,0.001,0.189,286341,0.643,0.922,0.892,high
TILA,PWM,35,0.394,0.012,245.89,-3.801,48.43,493,0.085,43.06,2.947,0.041,2.06,165.02,154.76,0.054,0.209,328858,0.525,0.533,0.846,mid
TILA,PWM,36,0.449,0.015,234.98,-1.677,52.04,575,0.069,55.96,6.224,0.214,2.11,185.59,72.56,0.018,0.202,354061,0.418,0.365,0.921,mid
TILA,PWM,37,0.362,0.01,243.06,-3,52.05,1160,0.072,48.27,3.116,0.091,1.28,147.76,142,0.023,0.264,297332,0.449,0.384,0.813,mid
TILA,PWM,38,0.407,0.009,239.45,-1.864,50.03,1218,0.088,50.01,5.267,0.187,1.45,163.64,144.73,0.01,0.184,326516,0.385,0.377,0.883,mid
TILA,PWM,39,0.374,0.007,243.91,-4.128,41.68,747,0.09,44.36,1.497,0.003,1.23,151.24,173.31,0.002,0.153,349888,0.44,0.472,0.866,mid
TILA,PWM,40,0.404,0.014,240.14,-3.308,47.59,840,0.096,55.68,4.166,0.164,1.86,140.35,160.53,0.005,0.166,310603,0.478,0.408,0.818,mid
TILA,PWM,41,0.376,0.007,240.41,-0.552,46.05,614,0.066,54.37,4.212,0.183,2.31,163.71,141.34,0.068,0.221,306745,0.34,0.38,0.826,low
TILA,PWM,42,0.403,0.008,242.96,-2.789,44.79,1276,0.116,50.71,2.594,0.119,2.31,159.3,143.81,0.003,0.189,326901,0.415,0.503,0.856,mid
TILA,PWM,43,0.399,0.01,242.68,-1.626,51.39,1068,0.084,55.48,5.7,0.218,1.51,160.96,150.24,0.046,0.214,382473,0.429,0.346,0.848,mid
TILA,PWM,44,0.382,0.017,239.06,-3.586,45.91,1282,0.063,58.91,0.505,0,0,164.01,126.12,0.047,0.242,424846,0.509,0.389,0.878,mid
TILA,PWM,45,0.378,0.008,243.5,-2.694,52.71,1558,0.084,39.27,0.84,0.027,0.83,162.42,119.25,0.021,0.217,302644,0.42,0.478,0.877,mid
TILA,PWM,46,0.37,0.011,243.12,-2.107,46.85,950,0.101,45.98,2.885,0.14,2.85,147.84,173.94,0.087,0.252,382042,0.453,0.467,0.754,mid
TILA,PWM,47,0.388,0.01,243.5,-2.055,51.45,1217,0.069,45.44,3.5,0.111,0.53,153.11,137.91,0.013,0.179,288442,0.437,0.372,0.872,mid
TILA,PWM,48,0.377,0.007,246.51,-2.985,54.14,822,0.091,43.79,1.584,0.034,1.86,158.78,124.19,0.056,0.203,252114,0.442,0.472,0.833,mid
TILA,PWM,49,0.399,0.017,221.22,-2.984,52.26,1295,0.066,46.45,1.773,0.025,3.03,146.73,163.71,0.003,0.162,378130,0.298,0.397,0.814,low
TILA,PWM,50,0.365,0.01,241.08,-2.51,55.85,1488,0.091,38.02,0.166,0.018,1.87,160.94,138.14,0.076,0.26,343780,0.427,0.513,0.813,mid
TILA,PWM,51,0.411,0.022,228.77,-2.377,46.39,46,0.116,56.88,0.686,0.011,3.4,164.31,128.16,0.168,0.278,349678,0.455,0.831,0.74,mid
TILA,PWM,52,0.378,0.014,242.84,2.142,47.81,378,0.098,11.71,0.406,0,1.59,149.99,159.54,0.028,0.184,337582,0.435,0.688,0.833,mid
TILA,PWM,53,0.356,0.016,240.74,-2.07,53.26,960,0.079,48.34,5.826,0.183,1.61,146.97,155.03,0.04,0.29,298546,0.499,0.344,0.789,low
TILA,PWM,54,0.384,0.02,232.03,-0.297,53.34,270,0.095,40.26,2.85,0.139,1.79,161.56,145.38,0.142,0.3,411994,0.428,0.664,0.771,mid
TILA,PWM,55,0.371,0.014,240.92,-0.986,57.14,502,0.111,45.12,1.795,0.085,1.34,161.9,142.35,0.004,0.193,315087,0.46,0.616,0.881,mid
TILA,PWM,56,0.41,0.014,239.14,-0.543,53.95,384,0.068,58.03,5.306,0.202,3.74,164.33,140.84,0.149,0.296,341347,0.435,0.458,0.738,low
TILA,PWM,57,0.383,0.04,232.47,-1.104,52.38,634,0.087,53.12,4.823,0.177,4.35,149.19,153.13,0.216,0.327,331815,0.635,0.416,0.641,low
TILA,PWM,58,0.334,0.021,228.58,-0.18,55.34,319,0.071,54.03,4.289,0.18,0.8,153.41,145,0.004,0.188,302920,0.409,0.524,0.869,mid
TILA,PWM,59,0.395,0.012,244.8,-2.859,56.85,530,0.094,44.31,2.894,0.142,2.1,141.28,154.43,0.044,0.243,317974,0.497,0.54,0.774,mid
TILA,PWM,60,0.389,0.015,238.53,-2.348,50.53,1368,0.089,41.52,2.213,0.114,0.55,149.62,135.88,0.003,0.314,328307,0.458,0.46,0.828,mid
TILA,PWM,61,0.366,0.017,247.5,-2.39,56.35,1282,0.086,25.74,1.466,0.076,1.55,159.93,142.24,0.062,0.227,342721,0.574,0.484,0.833,mid
TILA,PWM,62,0.43,0.011,245.92,0.546,54.06,481,0.1,56.95,1.827,0.106,1.52,155.11,141.14,0.059,0.267,431268,0.445,0.573,0.81,mid
TILA,PWM,63,0.363,0.016,236.12,1.252,55.68,103,0.077,28.89,1.693,0,0.93,174.71,127.95,0.012,0.221,377704,0.399,0.73,0.912,high
TILA,PWM,64,0.337,0.031,231.62,-1.492,49.31,402,0.055,59.74,3.754,0.124,2.24,153.28,137.44,0.071,0.194,318274,0.595,0.443,0.805,mid
TILA,PWM,65,0.408,0.015,238.66,-2.522,55.21,1017,0.053,46.39,-1.154,0,1.89,161.86,119.52,0.116,0.253,324790,0.471,0.423,0.797,mid
