shine_coverage,shine_intensity,body_color_b,body_L,lbp_texture_score,canny_edge_density,mean_saturation,hue_mean,redness_purity,brown_dominance,quality
0.021,238.88,-12.908,57.13,629,0.15,42.15,7.67,151.72,0.293,1
0.01,234.24,-10.309,55.13,481,0.173,38.22,7.35,179.55,0.135,1
0.033,236.17,-10.94,59.49,845,0.101,38.79,7.93,166.91,0.227,1
0.009,227.97,-10.104,52.98,1039,0.076,28.87,7.06,166.68,0.18,1
0.064,233.91,-3.803,65.89,578,0.085,33.83,178.81,171.5,0.001,1
0.092,235.01,1.177,68.62,175,0.118,31.3,1.77,146.12,0.029,1
0.08,236,0.607,64.06,331,0.087,50.76,179.03,169.78,0.002,1
0.069,234.08,2.98,68.86,816,0.064,48.76,2.61,152.55,0.024,1
0.054,229.33,-0.929,67.98,277,0.053,35.11,179.4,159.89,0.001,1
0.018,224.2,-2.568,62.54,733,0.099,21.22,4.2,176.57,0.067,1
0.02,223.15,-2.022,65.83,1751,0.069,15.53,5.01,158.32,0.091,1
0.049,232.05,-2.926,67.24,480,0.078,20.55,5.21,178.47,0.048,1
0.101,234.8,0.634,59.05,1412,0.091,35.49,179.95,111.33,0,1
0.058,237.02,-1.588,62.37,1397,0.079,34.36,0.17,126.1,0,1
0.04,231.08,-5.764,56.53,1051,0.144,42.8,1.86,144.35,0.147,1
0.031,229.72,-6.712,59.73,1739,0.082,34.97,3.41,144.59,0.029,1
0.08,236.34,-5.8,59.5,839,0.09,24.85,5.07,158.73,0.012,1
0.096,235.33,0.77,55.2,1401,0.048,39.88,2.82,158.39,0.023,1
0.061,235.07,2.456,57.32,1402,0.051,25.93,1.59,136.42,0.024,1
0.089,234.29,2.584,61.49,1508,0.053,17.17,1.26,153.57,0.023,1
0.091,236.11,2.386,60.52,1006,0.053,26.64,2.09,144.73,0.006,1
0.177,237.06,0.808,60.67,1318,0.077,28.93,2.32,148.71,0.109,1
0.007,232.03,0.155,42.91,1318,0.066,34.08,2.59,180.77,0,1
0.004,231.01,1.063,61.45,335,0.043,30.74,179.42,163.56,0.014,1
0.006,230.76,-1.307,58.62,591,0.09,35.41,179.06,164.83,0.002,1
0.031,231.45,-1.948,59.54,972,0.06,38.01,4.61,159.21,0.004,1
0.028,231.04,1.365,67.33,975,0.055,38.33,179.45,168.82,0.002,1
0.069,229.67,0.749,69.42,958,0.079,29.44,179.87,147.99,0.004,1
0.026,232.38,1.712,62.86,1483,0.086,29,0.07,148.76,0.001,1
0.07,238.62,-4.299,63.47,275,0.074,36.8,175.7,145.58,0.001,1
0.065,236.91,-5.15,63.86,369,0.081,34.16,179.77,134.43,0.01,1
0.077,238.89,-2.359,66.35,1448,0.081,29.19,177.95,128.86,0,1
0.064,234.03,-3.089,71.2,548,0.065,34.15,4.66,133.79,0.005,1
0.044,234.62,6.697,64.57,503,0.115,52.4,177.64,129.75,0,1
0.008,232.59,7.114,61.42,489,0.091,43.58,179.94,141.93,0.05,1
0.028,231.62,12.662,67.09,357,0.096,35.01,2.01,146.88,0,1
0.043,229.21,0.403,69.89,416,0.082,34.11,178.86,153.5,0.006,1
0.011,222.52,4.839,73.63,1428,0.052,28.46,178.24,156.49,0,1
0.02,234.62,2.298,69.93,538,0.063,37.06,178.33,157.52,0,1
0.076,236.23,8.569,72.62,765,0.089,41.23,1.13,143.19,0.127,1
0.087,236.5,6.926,76.1,405,0.065,36.23,178.25,151.41,0,1
0.078,240.4,3.727,72.03,418,0.092,42.01,179.89,151.66,0.025,1
0.091,237.24,7.085,73.54,490,0.077,47.97,179.14,132.88,0,1
0.047,236.94,2.098,71.27,300,0.069,29.71,179.45,166.4,0,1
0.022,229.88,4.83,69.78,616,0.067,44.66,179.18,189.06,0,1
0.001,237.48,-5.394,64.17,540,0.09,32.76,5.1,166.96,0.008,1
0.034,224.81,-7.352,68.06,546,0.089,44.52,0.75,156.53,0.02,1
0.045,225.52,-3.524,70.14,716,0.071,30.67,3.45,157.62,0,1
0.008,230.64,-4.026,58.38,474,0.096,45.62,179.53,163.36,0,1
0.012,226.03,0.726,58.8,672,0.077,44.89,1.34,176.28,0,1
0.005,223.44,0.496,57.7,813,0.094,35.94,179.23,176.75,0,1
0.048,226.05,0.156,69.18,295,0.08,39.1,0.67,147.54,0.023,1
0.002,232.29,-1.734,65.28,900,0.054,37.91,0.79,176.56,0,1
0.06,239,3.321,73.32,322,0.042,25.22,177.49,139.34,0,1
0.042,230.35,7.028,74.34,1052,0.097,35,178.23,158.79,0,1
0.029,243.64,5.627,77.91,704,0.066,32.61,0.09,153.9,0.007,1
0.043,241.95,5.707,80.94,1118,0.091,28.13,0.18,115.56,0,1
0.114,235.9,-2.036,68.84,1264,0.121,14.24,6.18,179.56,0.397,1
0.138,237.32,-1.923,66.82,658,0.112,18.25,6.82,156.79,0.089,1
0.144,236.38,-5.515,70.3,1280,0.091,14.66,5.98,156.4,0.178,1
0.109,234.89,1.222,67.94,282,0.098,27.93,179.08,143,0.062,1
0.114,235.71,2.255,69.7,401,0.116,25.2,177.13,130.91,0.001,1
0.135,237.37,-0.869,70.47,900,0.105,16.19,7.18,82.94,0.126,1
0.091,238.73,-0.476,65.81,158,0.103,26.54,1.73,143.75,0.088,1
0.097,235.96,0.092,63.6,443,0.112,28.29,0.58,149.74,0.01,1
0.151,239.1,-2.819,59.46,1126,0.087,30.27,3.62,116.67,0.281,1
0.139,238.38,-3.394,66.49,1213,0.095,18.53,3.05,110.18,0.138,1
0.126,240.19,-5.046,63.65,1115,0.071,23.61,7.07,117.47,0.256,1
0.139,240.03,-2.343,63.37,1299,0.114,25.02,5.36,117.25,0.165,1
0.114,242.96,-0.958,62.02,694,0.095,30.23,5.68,117.48,0.064,1
0.042,232.6,-2.058,49.9,1479,0.102,22.27,6.23,146.51,0.088,1
0.142,240.45,-2.02,59.97,1495,0.061,24.91,6.24,144.09,0.275,1
0.092,241.11,-2.253,55.04,612,0.087,23.95,6.25,154.09,0.03,1
0.119,242.4,-1.48,62.66,1429,0.117,34.59,6.66,147.35,0.185,1
0.108,238.95,-2.578,61.44,1380,0.101,16.78,8.41,169.17,0.379,1
0.027,238.78,-8.127,60.27,1267,0.091,24.99,8.51,169.14,0.342,1
0.059,237.82,-5.488,61.94,997,0.101,23.91,3.12,127.78,0.047,1
0.05,233.69,-6.893,61.5,1704,0.096,17.28,7.39,145.64,0.187,1
0.098,243.6,-3.246,59.96,1123,0.087,33.3,7.06,135.61,0.268,1
0.101,241.98,-1.434,59.67,1143,0.06,22.76,5.2,138.83,0.018,1
0.014,239.97,-10.991,67.99,295,0.086,40.61,6.91,188.69,0.128,1
0.081,238.34,-4.272,61.78,479,0.094,39.18,7,193.81,0.072,1
0.051,236.36,-4.619,59.59,362,0.114,29.98,8.24,183.01,0.294,1
0.029,245.37,-5.439,58.09,194,0.089,41.41,4.41,166.87,0.021,1
0.021,240.63,-4.985,54.9,724,0.083,33.72,4.99,177.06,0.09,1
0.04,230.08,-6.3,60.41,445,0.085,25.28,4.41,166.06,0.04,1
0.028,236.45,-6.245,56,576,0.083,24.4,4.48,180.72,0.054,1
0.058,225.45,-4.194,52.88,214,0.092,35.74,4.42,167.46,0.048,1
0.025,229.02,-8.944,65.1,1322,0.093,28.52,9.73,176.08,0.29,1
0.005,229.57,-6.907,62.05,1024,0.097,20.75,5.8,196.45,0.131,1
0.039,237.58,-6.229,58.07,1505,0.104,38.44,7.59,206.33,0.074,1
0.047,221.25,-4.15,67.28,552,0.085,28.94,0.24,170.97,0.008,1
0.052,232.23,-2.775,61.24,1162,0.104,22.83,7.55,173.92,0.327,1
0.032,227.48,-4.223,64.77,1601,0.102,16.73,3.53,160.46,0.09,1
0.069,232.63,-2.535,66.46,327,0.137,32.56,5.57,174.65,0.218,1
0.039,228.42,-4.649,66.5,591,0.121,19.4,2.62,158.51,0.095,1
0.052,227.5,0.137,65.38,197,0.102,28.94,0.71,158.32,0.002,1
0.086,230.81,4.965,48.75,97,0.083,21.18,171.92,152.42,0,1
0.013,237.76,10.511,69.07,74,0.07,70.38,177.95,180.62,0.07,1
0.087,234.58,-1.086,59.4,1341,0.066,53.04,2.64,139.95,0.097,1
0.033,230.32,-1.51,71.04,683,0.109,29.51,3.41,166.21,0.013,1
0.037,230.92,1.631,66.11,1506,0.096,38.85,178.55,131.73,0,1
0.052,232.43,0.927,68.59,1122,0.084,36.47,2.69,148.33,0.105,1
0.09,226.62,-1.946,69.2,804,0.094,33.19,4.98,154.46,0.159,1
0.075,230.52,3.972,66.2,1208,0.083,24.25,1.76,148.1,0.029,1
0.032,231.27,-1.147,63.9,1056,0.095,41.18,2.14,153.71,0.015,1
0.04,232.73,-0.132,68.45,81,0.078,38.55,1.41,131.58,0.019,1
0.009,245.32,0.636,72.99,537,0.084,24.14,4.14,167.41,0.196,1
0.03,231.04,-1.991,69.29,319,0.085,12.33,2.3,152.92,0.015,1
0.044,231.73,-0.404,74.22,992,0.08,30.51,3.34,147.39,0.076,1
0.058,233.3,-1.882,69.07,551,0.077,23.47,3.12,128.92,0.017,1
0.048,238.06,3.021,69.4,1416,0.117,49.31,1.82,130.24,0.034,1
0.036,230.74,0.502,59.75,414,0.12,19.36,2.33,139.1,0.015,1
0.067,230.04,3.389,69.72,101,0.077,17.62,1.25,170.72,0.001,1
0.076,235.56,-3.219,70.31,85,0.093,33.64,0.87,126.12,0.002,1
0.016,240.75,-1.892,66.09,1162,0.076,19.99,1.23,139.34,0.076,1
0.033,229.19,2.975,63.04,1375,0.129,19,2.91,147.72,0.043,1
0.062,233.96,4.604,60.74,180,0.145,32.46,7.18,152.59,0.137,1
0.065,231.15,2.564,59.32,455,0.103,29.69,4.9,173.32,0.064,1
0.034,229.39,2.746,59.06,475,0.114,48.74,2.37,157.72,0.008,1
0.076,235.26,2.918,62.72,388,0.077,34.88,7.93,182.55,0.04,1
0.039,231.46,-1.473,61.74,896,0.099,37.34,8.61,158.99,0.187,1
0.046,235.96,3.527,64.61,1169,0.1,45.89,5.41,169.82,0.086,1
0.006,240.62,-6.964,41.86,1200,0.102,54.38,178.75,177.64,0.002,1
0.008,229.79,-8.918,40.02,507,0.11,74.17,178.39,170.35,0,1
0.021,225.38,-10.814,44.57,520,0.095,57.25,1.27,161.91,0.063,1
0.006,238.28,-7.47,46.24,788,0.063,48.96,1.93,152.51,0.003,1
0.019,232.5,-3.505,38.74,697,0.127,45.85,179.25,159.79,0.026,1
0.013,229.66,-9.012,31.6,1096,0.095,66.67,177.66,167.79,0.001,1
0.002,223.78,-11.792,30.5,381,0.041,89.45,178.74,154.97,0.001,1
0.008,226.46,-5.931,41.31,880,0.054,51.57,0.3,151.35,0,1
0.044,217.42,-2.306,63.82,1219,0.109,39.21,178.4,134.19,0,1
0.062,225.26,-1.383,59.31,493,0.109,54,178.44,145.32,0.005,1
0.044,227.81,-2.062,61.13,1247,0.094,44.27,179.2,153.11,0.008,1
0.021,221.41,-2.248,52.5,1176,0.094,47.06,179.68,154.71,0.019,1
0.015,229.33,1.981,46.52,1841,0.088,29.71,1.45,147.85,0.037,1
0.049,223.27,-3.059,58.56,727,0.096,38.53,176.39,177.01,0.002,1
0.033,225.21,-0.713,62.57,1382,0.081,30.55,179.68,152.2,0,1
0.024,224.04,-1.54,59.13,361,0.061,26.48,178.57,133.51,0.004,1
0.018,222.18,-2.234,48.62,704,0.126,32.41,176.19,171.16,0.004,1
0.023,221.29,-4.196,48.4,373,0.094,49.3,179.6,139.79,0,1
0.02,233.51,1.831,39.65,725,0.094,37.67,179.12,173.06,0,1
0.014,234.06,-0.821,31.7,1461,0.099,32.34,1.24,182.52,0.087,1
0.013,231.79,1.595,38.9,1160,0.104,18.7,0.85,179.71,0.018,1
0.021,242.66,-0.559,42.16,1142,0.094,39.48,178.15,169.03,0,1
0.013,236.93,-0.118,42.99,1584,0.096,45.13,1.73,163.81,0,1
0.009,233.92,-1.658,26.13,359,0.047,35.61,178.69,166.36,0.001,1
0.015,244.15,-3.036,39.54,1123,0.092,53.05,178.86,171.83,0,1
0.01,233.27,1.806,25.89,315,0.095,76.96,0.97,186.82,0.011,1
0.004,242.51,-0.581,44.81,370,0.075,46.28,177.28,150.55,0.004,1
0.007,240.66,-3.602,40,1270,0.082,40.92,179.25,149.62,0.01,1
0.01,247.58,2.649,46.38,456,0.096,38.34,0.08,136.21,0.007,1
0.007,235.93,2.061,45.1,370,0.1,62.8,177.59,150.59,0,1
0.004,239.72,2.325,41.86,451,0.108,74.39,177.39,165.73,0.003,1
0.025,234.58,4.505,48.25,1447,0.087,41.25,179.48,150.05,0.001,1
0.015,240.8,2.638,49.29,1265,0.101,47.55,1.07,143.49,0.071,1
0.02,234.8,10.739,51.68,336,0.066,46.83,177.98,120.97,0.001,1
0.017,232.45,8.337,41.81,131,0.104,21.73,177.26,135.3,0.005,1
0.018,227.52,2.988,44.16,328,0.096,42.07,1.55,147.61,0.08,1
0.019,231.24,7.246,41.53,385,0.1,33.56,178.82,126.28,0.005,1
0.009,242.66,-3.969,53.98,1041,0.066,45.34,178.37,147.67,0.001,1
0.007,238.86,-3.639,51.76,436,0.08,44.82,176.3,167.3,0,1
0.016,234.24,-0.518,41.72,539,0.054,19.18,179.61,149.56,0.018,1
0.008,237.05,-1.714,36.63,919,0.091,45.37,179.1,140.25,0.002,1
0.003,235.44,11.828,43.58,521,0.124,63.51,177.28,150.34,0.008,1
0.009,220.14,5.635,48.48,140,0.08,46.59,1.79,140.92,0.071,1
0.005,241.64,4.072,31.15,341,0.116,54.26,179.84,160.85,0.016,1
0.007,241.48,9.053,35.46,324,0.079,45.66,179.96,158.99,0.001,1
0.02,237.47,-4.183,55.77,769,0.06,37.86,0.16,141.89,0.006,1
0.012,236.45,-1.685,40.94,1047,0.095,39.62,179.72,138.66,0.003,1
0.015,248.32,-8.099,44.76,1018,0.081,55.28,177.75,161.94,0.001,1
0.011,244.31,0.444,41.47,985,0.089,32.69,178.15,158.77,0.002,1
0.012,240.7,9.811,54.35,170,0.087,42.51,176.36,152.53,0.011,1
0.021,242.27,9.037,51.15,1119,0.113,43.99,176.55,149.23,0.007,1
0.025,239.15,11.541,56.34,220,0.086,51.44,177.68,146.12,0.007,1
0.02,241.09,10.517,59.2,187,0.079,42,177.17,155.8,0.008,1
0.023,243.63,13.739,54.45,495,0.113,23.19,177.59,146.34,0,1
0.012,234.95,-5.565,59.06,1020,0.084,48.98,177.47,181.95,0,1
0.01,238.69,5.439,45.15,404,0.122,43.38,177.48,144.77,0.001,1
0.01,238.62,-3.924,34.55,1128,0.083,47.14,179.27,149.48,0.001,1
0.009,240.13,-0.826,40.84,1570,0.073,52.22,178.89,164.07,0,1
0.013,233.89,2.608,26.95,516,0.067,58.4,177.15,160.31,0.009,1
0.018,235.44,0.444,31.28,388,0.085,66.55,179.94,157.66,0.001,1
0.027,229.45,1.374,32.6,1492,0.08,42.93,177.04,156.39,0,1
0.021,244.78,5.363,47.8,1187,0.092,36.52,0.58,140.1,0.051,1
0.013,240.95,3.754,40.56,1484,0.091,28.84,1.89,139.38,0.075,1
0.006,229.6,-15.825,31.64,183,0.122,84.84,2.23,174.35,0.106,1
0.005,245.66,-16.581,31.52,713,0.152,87.49,177.92,138.91,0.048,1
0.007,246.51,-27.303,25.75,1305,0.098,119.2,2.15,176.37,0.089,1
0.007,245.73,-11.09,33.61,438,0.118,64.15,3.78,154.67,0.141,1
0.004,246.34,-16.549,28.59,337,0.087,85.08,179.49,138.67,0.075,1
0.004,244.88,-16.783,27,77,0.094,91,178.13,133.27,0.068,1
0.004,229.15,-18.008,25.14,411,0.087,104.72,0.38,149.42,0.043,1
0.002,247.67,-25.758,23.3,177,0.114,116.75,0.72,124.87,0.068,1
0.018,244.31,3.314,32.07,1337,0.105,25.53,4.33,210.47,0.054,1
0.017,238.63,3.468,29.44,1153,0.137,38.75,2.34,202.95,0.08,1
0.016,244.61,4.239,38.93,1142,0.129,31.04,2.47,153.42,0.043,1
0.021,243.36,3.916,37.82,418,0.136,32.16,5.98,147.83,0.175,1
0.017,241.56,3.481,32.23,564,0.134,50.43,3.08,165.83,0.14,1
0.008,240.22,4.237,37.23,152,0.113,63.21,175.43,125.27,0,1
0.007,243.41,2.657,38.76,965,0.135,27.15,3.45,128.62,0.07,1
0.008,240.38,2.691,40.53,280,0.099,39.2,179.44,151.95,0.001,1
0.01,243.11,2.218,45.12,1155,0.09,33.61,5.88,197.35,0.053,1
0.012,243.64,3.505,43.81,1289,0.106,28.07,179.11,159.31,0,1
0.012,235.82,-3.659,36.38,420,0.108,8.86,6.29,161.43,0.208,1
0.008,230.33,-0.807,38.93,552,0.113,29.58,3.71,161.98,0.123,1
0.009,232.14,-1.248,39.41,818,0.066,26.62,6,191.15,0.056,1
0.009,233.74,-3.53,33.46,332,0.08,38.53,4.79,150.9,0.145,1
0.007,229.35,-2.04,34.4,32,0.129,36.96,3.22,137.1,0.071,1
0.012,239,-0.417,42.93,1172,0.111,29.46,1.6,148.58,0.027,1
0.013,233.38,-0.763,41.7,742,0.105,34.9,6.38,166.68,0.111,1
0.012,233.03,-3.772,40.64,124,0.135,18.5,7.58,165.02,0.27,1
0.005,230.76,-1.541,36.47,94,0.069,39.63,6.73,180.28,0.042,1
0.016,235.69,-0.999,41.49,1071,0.11,44.02,2.53,163.59,0.037,1
0.012,245.89,-3.801,48.43,493,0.085,43.06,2.06,165.02,0.054,1
0.015,234.98,-1.677,52.04,575,0.069,55.96,2.11,185.59,0.018,1
0.01,243.06,-3,52.05,1160,0.072,48.27,1.28,147.76,0.023,1
0.009,239.45,-1.864,50.03,1218,0.088,50.01,1.45,163.64,0.01,1
0.007,243.91,-4.128,41.68,747,0.09,44.36,1.23,151.24,0.002,1
0.014,240.14,-3.308,47.59,840,0.096,55.68,1.86,140.35,0.005,1
0.008,242.96,-2.789,44.79,1276,0.116,50.71,2.31,159.3,0.003,1
0.01,242.68,-1.626,51.39,1068,0.084,55.48,1.51,160.96,0.046,1
0.017,239.06,-3.586,45.91,1282,0.063,58.91,0,164.01,0.047,1
0.008,243.5,-2.694,52.71,1558,0.084,39.27,0.83,162.42,0.021,1
0.011,243.12,-2.107,46.85,950,0.101,45.98,2.85,147.84,0.087,1
0.01,243.5,-2.055,51.45,1217,0.069,45.44,0.53,153.11,0.013,1
0.007,246.51,-2.985,54.14,822,0.091,43.79,1.86,158.78,0.056,1
0.01,241.08,-2.51,55.85,1488,0.091,38.02,1.87,160.94,0.076,1
0.022,228.77,-2.377,46.39,46,0.116,56.88,3.4,164.31,0.168,1
0.014,242.84,2.142,47.81,378,0.098,11.71,1.59,149.99,0.028,1
0.02,232.03,-0.297,53.34,270,0.095,40.26,1.79,161.56,0.142,1
0.014,240.92,-0.986,57.14,502,0.111,45.12,1.34,161.9,0.004,1
0.021,228.58,-0.18,55.34,319,0.071,54.03,0.8,153.41,0.004,1
0.012,244.8,-2.859,56.85,530,0.094,44.31,2.1,141.28,0.044,1
0.015,238.53,-2.348,50.53,1368,0.089,41.52,0.55,149.62,0.003,1
0.017,247.5,-2.39,56.35,1282,0.086,25.74,1.55,159.93,0.062,1
0.011,245.92,0.546,54.06,481,0.1,56.95,1.52,155.11,0.059,1
0.031,231.62,-1.492,49.31,402,0.055,59.74,2.24,153.28,0.071,1
0.015,238.66,-2.522,55.21,1017,0.053,46.39,1.89,161.86,0.116,1
0.017,238.54,-9.761,54.91,670,0.113,79.65,7.34,167.47,0.316,2
0.08,233.07,1.684,67.1,244,0.074,50.77,1.1,154.9,0.037,2
0.028,225.73,0.205,65.41,1148,0.082,13.9,9.35,167.35,0.588,2
0.023,222.9,-1.736,65.22,369,0.072,19.06,9.18,168.85,0.522,2
0.033,226.12,-2.283,67.13,1114,0.069,21.33,6.82,187.92,0.298,2
0.018,218.63,-0.137,64.64,238,0.071,17.57,7.61,154.26,0.16,2
0.038,227.21,-2.604,68.73,215,0.09,19.94,5.71,158.47,0.071,2
0.069,234.08,-2.246,68.18,694,0.086,20.61,7.27,163.7,0.215,2
0.09,232.94,1.533,57.13,1433,0.087,33.91,6.31,110.28,0.248,2
0.033,242.51,-1.992,60.66,327,0.085,28.99,10.24,191.64,0.465,2
0.039,228.3,-0.433,67.83,518,0.067,39.66,179.86,146.28,0,2
0.023,229.72,3.247,65.83,566,0.05,41.4,178.46,151.05,0.006,2
0.015,237.63,-0.095,65.94,413,0.062,44.43,1.95,140.76,0.017,2
0.032,234.54,-0.126,60.59,187,0.076,37.75,179.09,135.17,0,2
0.011,227.91,9.566,68.1,303,0.105,40.99,178.44,140.88,0,2
0.045,232.22,10.622,77.04,213,0.097,51.56,177.2,125.04,0,2
0.018,226.95,4.294,75.02,508,0.069,30.37,179.38,145.31,0,2
0.033,225.93,4.996,70.38,443,0.056,38.38,177.37,132.94,0,2
0.059,231.41,4.862,73.03,282,0.08,38.03,2.3,129.91,0.097,2
0.024,228.14,-4.186,57.21,387,0.06,44.41,2.05,151.88,0.037,2
0.019,231.6,1.171,62.67,375,0.067,42.02,1.92,170.6,0.079,2
0.012,219.71,3.259,56.28,367,0.039,47.98,179.99,171.31,0,2
0.109,236.2,-0.449,67.49,550,0.154,27.78,8.89,119.88,0.48,2
0.129,236.2,-3.706,69.26,1091,0.118,15.62,11.04,113.37,0.833,2
0.098,239.5,-0.31,62.42,243,0.087,32.19,7.42,153.54,0.244,2
0.095,239.89,-1.356,64.23,1292,0.058,15.63,9.99,150.72,0.475,2
0.104,243.87,-1.24,60.7,1394,0.095,27.23,12.72,124.86,0.804,2
0.134,241.79,-1.212,60.22,1418,0.081,28.98,12.7,122.45,0.828,2
0.081,241.28,-1.785,57.46,58,0.092,35.04,11.91,121.71,0.725,2
0.127,238.94,-2.139,61.84,1350,0.053,40.06,10.94,148.21,0.748,2
0.014,225.58,-0.696,53.72,264,0.074,24.3,5.05,145.67,0.035,2
0.05,235.85,-3.543,56.72,809,0.118,25.89,14.09,53.22,0.981,2
0.043,235.88,-2.503,56.92,1391,0.117,17.88,9.12,107.8,0.571,2
0.037,237.25,-3.086,52.22,292,0.051,37.46,6.49,156.51,0.13,2
0.095,233.94,-2.057,55.62,90,0.076,9,3.35,129.22,0.171,2
0.061,231.98,-3.766,55.75,1130,0.082,21.25,8.54,153.38,0.282,2
0.008,226.5,-7.918,58.6,1425,0.09,23.08,10.34,185.25,0.308,2
0.018,229.29,-5.311,58.65,328,0.123,34,8.98,169.01,0.34,2
0.008,234.16,-7.614,60.51,358,0.086,41.68,8.77,200.17,0.257,2
0.011,239.69,-6.562,58.05,1037,0.076,25.11,13.18,21.79,0.99,2
0.038,232.16,-3.635,66.59,284,0.096,31.28,3.67,155,0.151,2
0.027,222.18,4.247,43.28,1197,0.048,43.96,11.4,85.95,0.777,2
0.036,234.56,11.28,64.59,660,0.066,53.3,8.42,62.99,0.214,2
0.032,226.78,5.504,65.81,342,0.083,22.56,3.3,133.68,0.022,2
0.051,234.04,0.206,65.14,1461,0.073,51.3,10.03,136.45,0.383,2
0.035,229.35,2.455,64.45,508,0.083,23.5,7.44,152.83,0.189,2
0.069,234.35,3.972,61.19,203,0.126,28.19,8.09,154.62,0.3,2
0.004,240.04,-15.113,42.07,1457,0.103,82.1,178.63,117.88,0.013,2
0.015,220.09,-2.47,53.2,1354,0.102,41.33,176.68,149.57,0.078,2
0.013,221.69,0.821,56.69,420,0.083,30.87,173.14,124.93,0.002,2
0.01,216.31,0.93,50.98,1137,0.094,40.31,174.87,143.79,0,2
0.014,217.45,-2.772,52.55,1201,0.068,32.81,178.89,123.2,0.006,2
0.042,228.08,0.244,59.19,1162,0.073,48.74,176.59,132.06,0,2
0.024,222.35,-2.924,52.86,1383,0.123,34.14,179.39,115,0,2
0.008,238.86,-3.703,42.61,1046,0.073,43.24,177.81,126.36,0.001,2
0.008,232.25,-3.905,43.1,535,0.05,40.62,176.13,142.47,0,2
0.01,238.84,-2.88,44.61,549,0.064,49.16,179.32,142.6,0.005,2
0.015,240.56,1.103,43.45,694,0.045,34.98,176.8,140.43,0.001,2
0.01,233.45,2.274,33.67,777,0.12,48.29,1.73,140.23,0.002,2
0.004,220.89,5.253,54.68,1056,0.091,41.38,178.15,121.19,0.003,2
0.01,243.23,2.694,46.52,782,0.07,49.25,177.73,137.25,0.024,2
0.012,230.77,0.911,49.04,1463,0.088,34.78,0.27,135.94,0.027,2
0.011,243.07,2.505,44.47,753,0.069,64.51,178.77,149.88,0.017,2
0.011,231.86,12.602,41.45,677,0.062,56.45,1.64,141.42,0.09,2
0.011,242.24,-5.066,46.41,749,0.057,40.27,177.85,146.4,0.001,2
0.014,229.95,8.828,43.45,1396,0.088,43.61,179.08,135.2,0.009,2
0.008,236.28,7.245,35.86,1452,0.081,45.63,177.46,146.2,0,2
0.017,245.7,14.246,37.72,1099,0.067,76.19,176.13,152.22,0.003,2
0.019,240.56,5.691,43.01,1182,0.118,38.31,4.08,136.25,0.236,2
0.002,238.97,-13.221,21.59,1382,0.135,82.49,2.46,158.75,0.178,2
0.005,232.42,-23.71,25.42,151,0.081,158.61,0.51,137.46,0.084,2
0.001,230.13,-22.105,25.92,138,0.073,121.1,178.91,126.87,0.078,2
0.018,243.6,2.03,33.07,1120,0.145,33.13,6.8,146.17,0.344,2
0.006,240.16,3.795,43.64,1285,0.073,23.23,174.02,139.93,0,2
0.013,239.06,2.89,39.18,1428,0.075,30.72,2.39,149.9,0.184,2
0.012,239.94,2.794,37.53,1224,0.069,39.38,1.09,120.48,0.03,2
0.007,242.46,3.035,40.17,887,0.103,35.03,5.22,166.12,0.203,2
0.018,236.17,-1.505,36.93,1253,0.1,27.45,1.49,108.51,0.119,2
0.005,234.87,-0.446,35.68,522,0.072,27.04,5.61,132.05,0.101,2
0.012,230.39,-1.756,38.66,674,0.108,26.17,6.41,157.18,0.042,2
0.007,229.24,-0.68,41.55,184,0.077,24.53,7.69,157.14,0.254,2
0.011,232.17,1.259,45.87,1066,0.085,46.37,5.28,161.25,0.042,2
0.01,228.71,-0.949,37.45,1202,0.117,25.92,5.94,136.82,0.326,2
0.01,229.07,1.021,48.68,1245,0.095,46.36,9.3,147.52,0.473,2
0.011,230.29,-5.564,35.65,1281,0.108,30.88,6.12,136.43,0.075,2
0.008,235.31,-0.748,34.07,1521,0.089,25.73,4.34,147.8,0.166,2
0.007,234.59,-0.865,39.46,1150,0.096,31.11,6.14,152.55,0.063,2
0.005,230.26,-2.961,34.84,667,0.087,41.63,5.46,152.94,0.214,2
0.008,232.32,0.848,42.66,777,0.065,34.4,5.38,154.9,0.097,2
0.011,238.14,-0.975,36.18,949,0.109,26.82,4.52,147.62,0.171,2
0.008,232.7,-0.569,36.55,792,0.081,35.18,7.01,169.51,0.037,2
0.009,232.35,-0.565,32.75,1439,0.095,24.7,6.37,158.54,0.064,2
0.006,235.93,-0.483,35.82,800,0.078,32.21,6.97,153.4,0.221,2
0.007,232.9,-0.039,43.35,756,0.115,18.06,6.73,158.67,0.226,2
0.009,237.83,-2.985,32.43,1149,0.069,27.15,5.37,141.97,0.045,2
0.011,231.22,-3.409,29.55,1071,0.072,41.27,4.89,118.92,0.106,2
0.007,233.55,-2.089,35.86,905,0.059,19.87,9.21,171.56,0.376,2
0.008,228.74,0.709,42.75,910,0.079,33.52,6.19,167.35,0.083,2
0.007,240.41,-0.552,46.05,614,0.066,54.37,2.31,163.71,0.068,2
0.017,221.22,-2.984,52.26,1295,0.066,46.45,3.03,146.73,0.003,2
0.016,240.74,-2.07,53.26,960,0.079,48.34,1.61,146.97,0.04,2
0.014,239.14,-0.543,53.95,384,0.068,58.03,3.74,164.33,0.149,2
0.04,232.47,-1.104,52.38,634,0.087,53.12,4.35,149.19,0.216,2
0.053,242.09,-10.502,51.53,1141,0.075,32,4.97,180.28,0.061,0
0.013,236.43,-12.365,53.24,1404,0.142,33.97,5.79,159.59,0.093,0
0.021,242.67,-8.989,54.16,1350,0.109,37.54,1.26,157.24,0.02,0
0.029,232.78,-10.555,58.11,1349,0.079,30.85,4,178.49,0.057,0
0.025,240.49,-8.395,59.03,1326,0.117,33.86,6.02,168.91,0.025,0
0.028,233.12,-2.584,63.47,1412,0.102,41.25,177.62,207.63,0,0
0.082,235.17,0.159,66.92,411,0.114,35.48,178.22,174.25,0.001,0
0.081,238.34,-8.825,72.43,902,0.065,27.99,1.64,166.27,0.004,0
0.053,230.75,-0.788,69.81,1278,0.122,45.33,178.86,173.06,0.003,0
0.055,237.15,-2.561,66.73,1181,0.102,17.5,5.53,190.18,0.018,0
0.154,240.16,-0.223,63.48,938,0.079,37.02,178.42,142.12,0,0
0.081,236.09,-6.565,58.7,777,0.086,24.41,2.01,170.75,0.009,0
0.103,240.35,-4.817,55.15,1329,0.09,26.62,178.79,166.49,0,0
0.02,238.75,0.066,65.32,712,0.083,40.2,179.42,181.53,0,0
0.05,232.86,-1.179,70.56,461,0.097,39.07,178.73,190.5,0,0
0.111,240.05,-0.565,66.51,756,0.104,21.33,0.27,164.03,0.004,0
0.139,241.86,-1.434,67.52,551,0.106,12.56,179.32,191.58,0.005,0
0.151,235.09,2.725,66.7,1318,0.106,39.9,2.83,182.52,0.162,0
0.14,235.72,2.538,64.71,1529,0.116,25.24,3.15,159.26,0.17,0
0.178,240.33,2.939,73.4,78,0.151,18.46,178.11,170.97,0.001,0
0.137,239.47,1.312,70.93,744,0.107,17.53,1.71,154.4,0.046,0
0.168,237.53,-1.27,70.62,971,0.11,14.85,0.19,163.08,0.015,0
0.097,242.39,-4.458,67.2,1195,0.109,15.35,3.08,143.31,0.115,0
0.112,242.23,-4.1,66.5,1602,0.089,19.45,1.25,164.13,0.026,0
0.129,236.09,-4.255,68.38,1132,0.09,23.57,1.88,147.54,0.09,0
0.157,235.23,-0.443,75.09,704,0.154,23.47,179.31,139.7,0.001,0
0.159,238.96,-0.456,71.74,1371,0.131,21.94,177.58,145.71,0.065,0
0.191,239.19,-0.675,76.76,546,0.153,19.94,178.55,136.85,0.011,0
0.221,242.25,-2.847,76.1,610,0.151,18.92,0.21,164.32,0.045,0
0.172,238.33,-0.997,74.91,1396,0.115,20.39,177.34,150.79,0,0
0.171,242.5,-2.829,75.57,805,0.149,17.6,0.82,183.43,0.032,0
0.152,241.18,-1.45,75.37,1092,0.087,13.48,179.33,150.63,0.024,0
0.167,232.62,-0.381,72.29,1232,0.123,21.35,0.91,156.27,0.128,0
0.167,237.86,0.849,74.19,1449,0.142,15.42,177.38,152.42,0.002,0
0.147,243.7,-3.931,76.72,653,0.126,14.23,179.37,167.54,0.011,0
0.18,240.15,-4.231,63.32,1468,0.114,30.4,3.54,136.39,0.125,0
0.102,240.03,-1.746,62.08,1328,0.119,20.59,3.69,135.21,0.064,0
0.117,242.85,-1.31,60.58,1178,0.103,25.34,3.23,150.01,0.03,0
0.134,241.81,-0.503,62.61,1579,0.099,27.6,3.37,155.73,0.059,0
0.101,242.13,-0.961,58.91,1475,0.102,23.63,4.21,130.01,0.039,0
0.038,241.7,-6.085,64.05,1162,0.097,27.22,6.63,182.42,0.067,0
0.109,240.42,-3.903,62.92,1251,0.118,19.63,4.21,143.18,0.078,0
0.026,237.94,-9.159,67.51,1556,0.093,35.05,7.19,186.73,0.091,0
0.02,245.37,-10.554,66.18,917,0.087,33.54,5.37,179.87,0.043,0
0.029,241.5,-5.049,60.06,334,0.101,39.71,3.36,184.04,0.004,0
0.117,236.63,-6.093,59.04,1185,0.072,30.97,2.04,167.31,0.008,0
0.01,231.52,-7.731,56.93,1297,0.119,22.9,5.1,174.34,0.089,0
0.081,230.95,0.497,68.54,1385,0.073,20.34,0.39,164.94,0,0
0.08,231.94,-0.821,65.32,1065,0.121,17.51,179.87,161.29,0,0
0.037,237.87,6.22,78.73,1422,0.049,22.07,0.51,170.61,0,0
0.042,223.58,7.493,64.02,1301,0.092,35.41,3.79,193.8,0,0
0.096,241.02,-7.918,69.72,566,0.084,32.87,176.9,148.86,0.006,0
0.135,231.91,-1.685,74.9,79,0.136,58.35,179.31,182.48,0.002,0
0.104,238.35,-0.763,70.35,49,0.11,38.67,2.87,158.73,0.042,0
0.071,238.81,2.457,67.62,862,0.079,34.97,2.32,156.4,0.003,0
0.079,230.11,0.612,73.61,1293,0.091,16.44,0.91,152.22,0.026,0
0.048,231.34,-3.646,73.02,1584,0.12,32.95,1.76,137.89,0.052,0
0.042,231.71,-1.78,59.78,599,0.107,38.76,0.72,147.46,0.013,0
0.069,230.05,-1.812,72.97,965,0.084,26.27,2.12,161.32,0.054,0
0.068,232.5,0.451,72.73,1016,0.098,15.89,2.81,147.8,0.049,0
0.076,231.42,-2.457,70.9,1093,0.092,17.95,1.44,136.3,0.018,0
0.07,231.78,-3.559,69.81,381,0.095,24.12,1.46,150.96,0.042,0
0.03,242.77,-0.276,72.38,949,0.102,23.04,1.78,169.35,0.023,0
0.075,231.93,1.599,71.93,1382,0.098,27.66,1.99,148.54,0.033,0
0.066,234.7,2.764,74.19,1540,0.1,20.33,0.08,142.82,0.001,0
0.059,230,0.212,68.49,1056,0.112,15.08,2.99,147.74,0.093,0
0.081,232.09,2.796,70.99,391,0.14,18.26,2.61,158.67,0.074,0
0.014,246.2,-1,64.17,1095,0.1,31.22,178.88,182.05,0,0
0.015,239.45,0.876,73.65,305,0.103,17.98,1.01,166.38,0.006,0
0.044,234.76,2.911,67.53,935,0.096,21.51,1.04,173.81,0,0
0.01,236.84,-5.298,40.81,457,0.089,39.09,180,164.74,0.001,0
0.021,245.57,-4.942,53.81,538,0.104,38.62,178.72,159.51,0.003,0
0.015,245.12,-5.449,50.32,398,0.08,47.36,178.85,162.01,0.001,0
0.009,240.59,-3.109,49.79,229,0.137,46.93,177.89,159.55,0,0
0.009,244.09,-4.269,51.51,176,0.133,56.54,178.11,171.18,0.004,0
0.011,240.73,-3.929,51.95,141,0.105,45.55,178.63,165.75,0.011,0
0.02,239.21,1.798,42.01,97,0.098,65.9,179.11,182.99,0,0
0.03,244.38,14.035,46.76,165,0.121,86.53,177.62,153.59,0.021,0
0.012,243,-17.009,30.37,1250,0.135,86.28,0.27,170.04,0.02,0
0.015,236.52,-2.93,43.85,127,0.134,8.63,5.12,150.1,0.093,0
0.043,232.17,-1.975,46.07,27,0.144,31.86,179.22,160.8,0.001,0
0.016,236.12,1.252,55.68,103,0.077,28.89,0.93,174.71,0.012,0
