spec,loc,num,species,hue_mean,redness_purity,brightness_mean,brown_dominance,color_cov,red_intensity,red_coverage,eye_cloudiness,shine_coverage,shine_intensity,body_color_b,quality
CARP,NFP,2,1,179.31,182.48,135.26,0.0023,0.2323,0.0412,0,0.7568,0.1353,231.91,-1.6853,0
CARP,NFP,3,1,2.87,158.73,150.65,0.042,0.2905,0.023,0,0.4378,0.1036,238.35,-0.7633,0
BANG,NFP,20,0,0.21,164.32,78.59,0.0451,0.2733,-0.1721,0,0.8262,0.2208,242.25,-2.8471,0
BANG,NFP,15,0,1.25,164.13,74.7,0.0257,0.248,-0.0118,0,0.5995,0.1117,242.23,-4.1,0
BANG,BWM,16,0,1.64,166.27,93.59,0.0042,0.2827,-0.0344,0,0.6105,0.0813,238.34,-8.8247,0
BANG,NFP,7,0,179.32,191.58,50.08,0.0051,0.2046,0.0281,0,0.817,0.1386,241.86,-1.4337,0
BANG,NFP,11,0,178.11,170.97,61.09,0.001,0.1927,-0.0409,0,0.7064,0.1784,240.33,2.9389,0
BANG,NFP,26,0,179.37,167.54,113.36,0.0114,0.2503,-0.0322,0.0005,0.7928,0.1467,243.7,-3.9311,0
TILA,PWM,44,2,0,164.01,126.12,0.047,0.2418,0.0308,0,0.7882,0.0168,239.06,-3.5858,0
BANG,NFP,22,0,0.82,183.43,85.21,0.0316,0.2791,-0.0362,0.0017,0.7422,0.1706,242.5,-2.8293,0
BANG,PWM,41,0,2.04,167.31,63.37,0.0077,0.1888,-0.0181,0,0.7192,0.1166,236.63,-6.0935,0
TILA,CFM,51,2,179.11,182.99,90.95,0.0003,0.1476,0.1208,0.0044,0.6859,0.0198,239.21,1.7977,0
TILA,PWM,34,2,179.22,160.8,125.48,0.0008,0.1891,0.0173,0,1.1636,0.0433,232.17,-1.9751,0
TILA,PWM,63,2,0.93,174.71,127.95,0.0121,0.2214,0.0344,0,0.7877,0.016,236.12,1.2515,0
BANG,NFP,2,0,0.27,164.03,56.68,0.004,0.2608,0.0708,0,0.6212,0.1113,240.05,-0.5652,0
BANG,NFP,16,0,1.88,147.54,88.91,0.0899,0.3094,-0.1624,0,0.6087,0.1289,236.09,-4.2551,0
BANG,NFP,19,0,178.55,136.85,105.89,0.0108,0.2571,-0.1367,0,0.8406,0.1907,239.19,-0.6752,0
BANG,NFP,21,0,177.34,150.79,85.79,0.0004,0.2108,-0.0564,0,0.7969,0.1722,238.33,-0.9972,0
BANG,NFP,23,0,179.33,150.63,70.76,0.0238,0.2582,-0.03,0,0.7809,0.1519,241.18,-1.4497,0
TILA,CFM,47,2,178.85,162.01,105.61,0.0006,0.1766,0.0376,0.001,1.113,0.0155,245.12,-5.4488,0
TILA,CFM,48,2,177.89,159.55,109.71,0.0001,0.1738,0.0597,0.0003,0.7608,0.0091,240.59,-3.1094,0
TILA,NFP,1,2,0.58,140.1,128.74,0.0509,0.2588,-0.0283,0.0022,0.6104,0.0212,244.78,5.3632,0
TILA,NFP,16,2,4.33,210.47,59.34,0.0538,0.2206,0.0313,0.0003,0.9274,0.0182,244.31,3.3138,0
TILA,NFP,30,2,179.11,159.31,88.22,0.0002,0.2372,-0.028,0.0013,0.815,0.0122,243.64,3.5054,0
BANG,NFP,13,0,0.19,163.08,67.64,0.0153,0.2124,-0.1926,0.0011,0.9368,0.1679,237.53,-1.2695,0
CARP,NFP,1,1,176.9,148.86,105.92,0.0062,0.2604,0.1834,0.0007,0.8291,0.0956,241.02,-7.9182,0
CARP,NFP,6,1,0.91,152.22,118.62,0.0262,0.2712,0.0788,0,0.7225,0.0789,230.11,0.612,0
CARP,NFP,8,1,1.76,137.89,112.93,0.052,0.2415,0.0784,0,0.6077,0.048,231.34,-3.6461,0
BANG,CFM,9,0,178.79,166.49,73.43,0.0002,0.1496,0.1049,0,0.8186,0.1029,240.35,-4.8172,0
BANG,NFP,18,0,177.58,145.71,96.13,0.0653,0.2303,-0.1304,0,0.8069,0.1586,238.96,-0.4561,0
BANG,NFP,24,0,0.91,156.27,87.32,0.1276,0.2756,-0.1421,0,0.7781,0.1668,232.62,-0.381,0
BANG,PWM,12,0,3.23,150.01,73.81,0.0296,0.1923,-0.0861,0,0.8498,0.1166,242.85,-1.3104,0
BANG,PWM,40,0,3.36,184.04,62.45,0.0035,0.1635,-0.0194,0,0.8487,0.0285,241.5,-5.0489,0
CARP,CFM,3,1,179.87,161.29,58.34,0,0.0929,0.0969,0.0003,1.0473,0.0797,231.94,-0.8214,0
CARP,NFP,33,1,0.87,126.12,88.59,0.0019,0.2248,0.0359,0,0.863,0.0759,235.56,-3.2189,0
CARP,NFP,35,1,178.88,182.05,114.53,0.0002,0.2102,0.1473,0.0021,0.8142,0.0138,246.2,-0.9995,0
TILA,CFM,2,2,179.12,173.06,69.29,0,0.1836,0.1444,0.003,0.8304,0.0201,233.51,1.8314,0
TILA,CFM,40,2,178.15,158.77,97.67,0.0015,0.1475,0.1439,0.001,0.7751,0.011,244.31,0.4439,0
TILA,PWM,55,2,1.34,161.9,142.35,0.0035,0.1932,0.0652,0.0031,0.9036,0.0143,240.92,-0.986,0
BANG,BWM,18,0,179.03,169.78,81.32,0.0017,0.1943,0.0056,0,0.7903,0.0802,236,0.6071,0
BANG,CFM,4,0,178.42,142.12,68.77,0.0001,0.2168,0.0906,0.0001,0.6638,0.1545,240.16,-0.2233,0
BANG,CFM,50,0,178.73,190.5,65.67,0,0.1136,-0.024,0,0.8378,0.0501,232.86,-1.1793,0
BANG,NFP,17,0,179.31,139.7,92.43,0.0005,0.1842,0.0778,0.0001,0.701,0.1574,235.23,-0.443,0
BANG,PWM,56,0,0.24,170.97,77.04,0.0076,0.1946,-0.0605,0,0.7681,0.0473,221.25,-4.1499,0
CARP,NFP,20,1,1.78,169.35,94.56,0.023,0.2326,0.1444,0,0.8167,0.03,242.77,-0.2763,0
TILA,NFP,9,2,0.27,170.04,120.88,0.0199,0.2339,0.2667,0.0005,1.0398,0.0117,243,-17.0091,0
TILA,NFP,17,2,2.34,202.95,110.15,0.0803,0.2757,0.1279,0.0018,0.8076,0.0174,238.63,3.4682,0
TILA,NFP,28,2,5.88,197.35,64.3,0.0534,0.1784,0.0479,0.0011,0.8127,0.0097,243.11,2.2178,0
TILA,PWM,39,2,1.23,151.24,173.31,0.0023,0.153,0.0529,0.0001,1.0175,0.0075,243.91,-4.1285,0
TILA,PWM,45,2,0.83,162.42,119.25,0.0212,0.2168,0.0499,0.0016,1.0115,0.0078,243.5,-2.6939,0
TILA,PWM,65,2,1.89,161.86,119.52,0.1159,0.2528,-0.0566,0,0.9819,0.0155,238.66,-2.5218,0
BANG,BWM,12,0,178.81,171.5,102.8,0.0014,0.2663,-0.0132,0,0.8258,0.0635,233.91,-3.8033,0
BANG,CFM,8,0,2.01,170.75,101.9,0.0088,0.1713,0.0402,0.0001,0.8786,0.0805,236.09,-6.5654,0
BANG,CFM,48,0,179.42,181.53,50,0,0.1128,-0.0013,0,0.8388,0.0199,238.75,0.0662,0
BANG,NFP,31,0,0.58,149.74,99.37,0.0103,0.1859,0.0554,0,0.6473,0.097,235.96,0.0925,0
BANG,PWM,13,0,3.37,155.73,85.26,0.0585,0.1801,-0.0034,0,0.8168,0.1335,241.81,-0.5026,0
BANG,PWM,38,0,7,193.81,104.98,0.0719,0.1794,-0.0684,0,0.8417,0.0813,238.34,-4.2724,0
CARP,NFP,18,1,1.46,150.96,141.26,0.0418,0.289,0.0554,0,0.8636,0.0698,231.78,-3.5589,0
CARP,NFP,36,1,1.01,166.38,96.56,0.0057,0.2174,0.0398,0,0.8484,0.0145,239.45,0.8762,0
TILA,BWM,27,2,179.68,152.2,115.62,0,0.1606,0.158,0.003,1.032,0.0334,225.21,-0.7127,0
TILA,CFM,35,2,179.96,158.99,65.61,0.0006,0.1545,0.0034,0,1.174,0.007,241.48,9.053,0
TILA,CFM,49,2,178.11,171.18,85.11,0.0037,0.1341,0.1088,0.0041,1.0277,0.0095,244.09,-4.269,0
TILA,NFP,18,2,2.47,153.42,119.71,0.0427,0.2469,0.0144,0.001,0.9216,0.0157,244.61,4.2393,0
TILA,PWM,35,2,2.06,165.02,154.76,0.054,0.2089,0.0952,0.0013,1.0346,0.0124,245.89,-3.8009,0
TILA,PWM,51,2,3.4,164.31,128.16,0.1678,0.2784,0.0079,0.0001,0.7291,0.0225,228.77,-2.3765,0
TILA,PWM,52,2,1.59,149.99,159.54,0.0282,0.1841,0.0111,0,1.1098,0.014,242.84,2.1423,0
BANG,CFM,47,0,179.45,166.4,52.62,0.0002,0.1026,-0.0366,0,0.8348,0.0472,236.94,2.0978,0
BANG,NFP,8,0,2.83,182.52,68.03,0.162,0.2604,0.0865,0.0002,0.57,0.1512,235.09,2.7251,0
BANG,NFP,30,0,1.73,143.75,98.32,0.0882,0.2452,0.0269,0,0.5516,0.0907,238.73,-0.476,0
BANG,PWM,1,0,3.54,136.39,88.94,0.1248,0.2761,-0.1053,0,0.891,0.1797,240.15,-4.2311,0
BANG,PWM,17,0,6.25,154.09,67.57,0.0305,0.2161,-0.0441,0,0.6973,0.0921,241.11,-2.2527,0
BANG,PWM,42,0,4.41,166.87,90.66,0.0214,0.212,-0.0059,0,0.7734,0.0288,245.37,-5.4394,0
BANG,PWM,45,0,4.48,180.72,80.44,0.0543,0.1855,-0.0758,0,0.8444,0.0282,236.45,-6.2455,0
CARP,NFP,27,1,0.08,142.82,114.91,0.0007,0.2782,0.121,0.0018,0.7299,0.0655,234.7,2.7645,0
CARP,NFP,32,1,1.25,170.72,111.15,0.0007,0.1549,0.0226,0,0.9765,0.0674,230.04,3.3891,0
TILA,CFM,36,2,178.72,159.51,83.8,0.0032,0.169,0.2268,0.0063,0.8914,0.0213,245.57,-4.9425,0
TILA,CFM,45,2,177.59,146.34,92.98,0.0001,0.1551,0.0697,0.0036,0.9559,0.0226,243.63,13.7389,0
TILA,NFP,27,2,179.44,151.95,122.35,0.0012,0.2134,0.1106,0.0039,0.6633,0.0084,240.38,2.6908,0
TILA,PWM,27,2,1.6,148.58,108.36,0.0266,0.1312,0.0229,0.0001,1.0667,0.0123,239,-0.4171,0
TILA,PWM,33,2,2.53,163.59,137.25,0.0373,0.2796,0.0262,0.0007,0.9708,0.016,235.69,-0.9985,0
TILA,PWM,50,2,1.87,160.94,138.14,0.0757,0.2595,0.0097,0.001,1.0263,0.0104,241.08,-2.5102,0
TILA,PWM,58,2,0.8,153.41,145,0.0045,0.1878,0.1288,0.0054,0.7569,0.0215,228.58,-0.1802,0
TILA,PWM,61,2,1.55,159.93,142.24,0.0618,0.2268,0.0958,0.005,0.9597,0.0172,247.5,-2.3897,0
BANG,BWM,5,0,1.26,157.24,76.01,0.0199,0.2704,-0.0254,0,0.932,0.021,242.67,-8.9893,0
BANG,BWM,9,0,4,178.49,79.61,0.0569,0.1805,-0.0861,0,0.9586,0.0292,232.78,-10.555,0
BANG,CFM,42,0,178.25,151.41,65.12,0,0.1252,-0.032,0,0.8327,0.087,236.5,6.9256,0
BANG,CFM,49,0,179.18,189.06,61.97,0,0.0912,-0.0387,0,0.8584,0.0219,229.88,4.8301,0
BANG,CFM,61,0,0.79,176.56,63.07,0,0.138,-0.0718,0,0.9438,0.0018,232.29,-1.7338,0
BANG,NFP,12,0,1.71,154.4,80.7,0.0461,0.2663,-0.0566,0.0002,0.8869,0.1367,239.47,1.3121,0
BANG,NFP,14,0,3.08,143.31,91.72,0.1148,0.2631,0.0239,0,0.6651,0.0969,242.39,-4.4581,0
BANG,NFP,25,0,177.38,152.42,99.16,0.0015,0.2165,-0.0663,0.0015,0.8105,0.1672,237.86,0.8487,0
BANG,NFP,27,0,179.08,143,73.02,0.0621,0.1808,0.0223,0,0.6946,0.1088,234.89,1.2224,0
BANG,PWM,37,0,5.37,179.87,76.54,0.043,0.1547,0.0289,0,0.8938,0.0199,245.37,-10.5536,0
CARP,CFM,1,1,0.39,164.94,92.36,0.0004,0.1201,0.1723,0.0057,0.911,0.0814,230.95,0.4968,0
CARP,NFP,9,1,0.72,147.46,99.7,0.0134,0.3379,0.1743,0.0011,0.6889,0.0415,231.71,-1.7801,0
TILA,BWM,26,2,176.39,177.01,137.84,0.0021,0.1744,0.1888,0.0045,0.993,0.0486,223.27,-3.0588,0
TILA,CFM,19,2,179.48,150.05,102.5,0.0007,0.2108,0.1393,0.0001,1.0855,0.0252,234.58,4.5047,0
TILA,CFM,46,2,177.47,181.95,82.71,0,0.1585,0.1503,0.005,0.9873,0.0117,234.95,-5.5654,0
TILA,NFP,25,2,1.09,120.48,122.64,0.0304,0.2758,-0.0235,0.0011,0.6669,0.0124,239.94,2.7937,0
TILA,PWM,48,2,1.86,158.78,124.19,0.056,0.2026,0.0603,0.0013,1.019,0.0073,246.51,-2.9847,0
TILA,PWM,49,2,3.03,146.73,163.71,0.0034,0.1622,0.084,0.0012,0.6527,0.0169,221.22,-2.984,0
TILA,PWM,62,2,1.52,155.11,141.14,0.0586,0.2666,0.0682,0.0039,0.8185,0.0109,245.92,0.5459,0
BANG,BWM,1,0,4.97,180.28,88.26,0.0612,0.2379,0.0819,0,0.9035,0.0535,242.09,-10.5018,0
BANG,BWM,15,0,178.22,174.25,92.59,0.001,0.251,-0.022,0,0.9317,0.0816,235.17,0.1589,0
BANG,PWM,20,0,4.21,130.01,72.76,0.0394,0.2472,-0.0138,0,0.6646,0.1011,242.13,-0.9607,0
BANG,PWM,34,0,5.2,138.83,92.89,0.0175,0.199,0.0137,0,0.7101,0.1009,241.98,-1.4336,0
BANG,PWM,35,0,7.19,186.73,103.06,0.091,0.1491,-0.096,0,0.9579,0.0261,237.94,-9.1589,0
BANG,PWM,43,0,4.99,177.06,83.33,0.0903,0.2065,-0.0303,0,0.8024,0.0211,240.63,-4.9846,0
CARP,CFM,4,1,0.51,170.61,84.84,0.0001,0.129,0.1403,0.0001,0.9192,0.0372,237.87,6.22,0
CARP,NFP,14,1,2.81,147.8,119.3,0.0487,0.2895,0.1285,0.0001,0.7573,0.0678,232.5,0.4509,0
CARP,NFP,17,1,1.44,136.3,106.84,0.0181,0.3097,0.1502,0,0.8446,0.0765,231.42,-2.4571,0
CARP,NFP,21,1,1.99,148.54,93.93,0.0325,0.2617,0.141,0,0.8234,0.0748,231.93,1.5991,0
TILA,BWM,2,2,178.39,170.35,107.58,0.0002,0.1581,0.0944,0.0028,1.1566,0.008,229.79,-8.9177,0
TILA,BWM,12,2,178.44,145.32,96.02,0.0049,0.2248,0.1658,0.0056,0.8161,0.0623,225.26,-1.3835,0
TILA,CFM,4,2,0.85,179.71,100.75,0.0182,0.1938,0.0062,0,1.5445,0.0135,231.79,1.5945,0
TILA,CFM,50,2,178.63,165.75,83.9,0.0105,0.1554,0.1732,0.0063,0.9634,0.0113,240.73,-3.9286,0
TILA,PWM,64,2,2.24,153.28,137.44,0.0707,0.1944,0.1473,0.0048,0.9624,0.0309,231.62,-1.4921,0
BANG,BWM,13,0,177.62,207.63,87.72,0.0004,0.19,0.0482,0,0.9213,0.0282,233.12,-2.5836,1
BANG,PWM,33,0,4.21,143.18,90.64,0.0782,0.1473,0.0436,0,0.823,0.1091,240.42,-3.9026,1
BANG,PWM,44,0,4.41,166.06,77.32,0.0402,0.249,-0.0028,0,0.7211,0.0395,230.08,-6.3002,1
CARP,NFP,26,1,3.12,128.92,120.61,0.017,0.3204,0.0588,0,0.7785,0.0582,233.3,-1.8821,1
CARP,NFP,31,1,2.61,158.67,121.07,0.0739,0.2086,0.0808,0,0.9266,0.0812,232.09,2.796,1
TILA,BWM,5,2,1.93,152.51,138.78,0.0028,0.1246,0.0665,0.0009,1.2755,0.0062,238.28,-7.4695,1
TILA,BWM,29,2,176.19,171.16,144.23,0.0042,0.2013,0.0398,0,1.2396,0.0184,222.18,-2.234,1
TILA,CFM,5,2,178.15,169.03,73.75,0.0001,0.1386,0.2308,0.0062,1.0763,0.0207,242.66,-0.5587,1
TILA,CFM,42,2,176.55,149.23,102.68,0.0075,0.196,0.1041,0.0053,0.8599,0.0212,242.27,9.0372,1
TILA,PWM,7,2,5.28,161.25,71.71,0.0419,0.1588,0.1044,0.0014,0.5914,0.0105,232.17,1.2591,1
TILA,PWM,47,2,0.53,153.11,137.91,0.0129,0.1786,0.172,0.0055,0.8733,0.0096,243.5,-2.0551,1
BANG,BWM,14,0,1.77,146.12,116.8,0.0291,0.2958,-0.0045,0,0.7542,0.0917,235.01,1.1772,1
BANG,BWM,17,0,178.86,173.06,114.02,0.0025,0.3109,-0.0048,0,0.8785,0.0532,230.75,-0.7885,1
BANG,BWM,21,0,1.1,154.9,113.62,0.0375,0.2994,0.0159,0,0.7413,0.0801,233.07,1.6843,1
BANG,CFM,43,0,179.89,151.66,68.27,0.0254,0.1037,0.019,0,0.9803,0.078,240.4,3.7273,1
BANG,CFM,58,0,0.67,147.54,80.45,0.0232,0.1228,0.0131,0,0.7064,0.0476,226.05,0.1561,1
BANG,NFP,28,0,177.13,130.91,82.35,0.0005,0.1985,0.0409,0,0.6573,0.1144,235.71,2.2551,1
BANG,PWM,46,0,4.42,167.46,81.33,0.0479,0.1935,-0.0186,0,0.7605,0.0579,225.45,-4.1943,1
CARP,CFM,2,1,0.71,158.32,94.1,0.0017,0.1676,0.0995,0.0007,1.0237,0.0517,227.5,0.1366,1
CARP,CFM,5,1,3.79,193.8,125.1,0.0002,0.1042,0.0343,0.0002,0.8978,0.0424,223.58,7.4929,1
CARP,NFP,24,1,2.3,152.92,119.31,0.0145,0.2302,0.0393,0,0.9027,0.0304,231.04,-1.9913,1
CARP,NFP,34,1,1.23,139.34,81.89,0.0761,0.2548,0.0649,0,0.8657,0.0164,240.75,-1.8923,1
TILA,BWM,6,2,180,164.74,155.09,0.0014,0.1645,0.0722,0.0025,1.789,0.0104,236.84,-5.298,1
TILA,BWM,11,2,178.4,134.19,107.05,0,0.2908,0.077,0.0028,1.0352,0.0444,217.42,-2.3064,1
TILA,BWM,24,2,176.8,140.43,121.46,0.0012,0.1924,0.112,0.005,0.8094,0.0147,240.56,1.1032,1
TILA,CFM,11,2,179.25,149.62,102.57,0.01,0.2501,0.0935,0.0013,1.1762,0.0066,240.66,-3.6017,1
TILA,CFM,26,2,178.37,147.67,120.73,0.001,0.2205,0.1492,0.0021,1.0124,0.0089,242.66,-3.9693,1
TILA,CFM,28,2,176.3,167.3,114.06,0,0.1498,0.1442,0.0034,1.0005,0.0069,238.86,-3.6388,1
TILA,CFM,44,2,177.17,155.8,83.97,0.0078,0.1429,0.0887,0.003,1.2381,0.0198,241.09,10.5171,1
TILA,CFM,59,2,179.94,157.66,98.24,0.0007,0.2027,0.2327,0.0055,0.9619,0.0181,235.44,0.4439,1
TILA,NFP,2,2,1.89,139.38,117.04,0.0754,0.2425,0.0929,0.0028,0.7709,0.0129,240.95,3.7542,1
TILA,NFP,4,2,2.23,174.35,146.76,0.1064,0.2371,0.2035,0.003,0.8576,0.0061,229.6,-15.8254,1
TILA,NFP,10,2,178.13,133.27,110.81,0.0679,0.2489,0.1118,0.0006,1.1007,0.0044,244.88,-16.7829,1
TILA,PWM,37,2,1.28,147.76,142,0.0229,0.2635,0.1703,0.005,0.7706,0.0099,243.06,-3.0001,1
TILA,PWM,42,2,2.31,159.3,143.81,0.003,0.1894,0.1523,0.007,0.9086,0.0078,242.96,-2.7889,1
BANG,BWM,20,0,179.4,159.89,143.24,0.0014,0.3208,-0.043,0,0.8996,0.0538,229.33,-0.929,1
BANG,CFM,3,0,0.17,126.1,57.76,0,0.154,0.0193,0,0.8614,0.0582,237.02,-1.5876,1
BANG,CFM,7,0,5.07,158.73,83.32,0.0124,0.1655,0.0663,0,0.8832,0.0802,236.34,-5.8004,1
BANG,CFM,14,0,2.32,148.71,71.51,0.1087,0.3043,0.0957,0,0.8059,0.1771,237.06,0.8078,1
BANG,CFM,56,0,1.34,176.28,53.9,0,0.086,0.0307,0.0001,0.8027,0.0124,226.03,0.7255,1
BANG,CFM,63,0,178.23,158.79,80.43,0,0.0983,-0.0866,0,0.9138,0.0423,230.35,7.0283,1
BANG,CFM,64,0,0.09,153.9,85.09,0.0072,0.208,0.0744,0,0.8691,0.0289,243.64,5.6266,1
BANG,NFP,6,0,5.98,156.4,51.29,0.1777,0.2464,-0.0062,0,0.8477,0.1441,236.38,-5.5153,1
CARP,NFP,16,1,2.14,153.71,76.36,0.015,0.2529,0.2541,0.0018,0.6985,0.032,231.27,-1.1466,1
CARP,NFP,28,1,1.82,130.24,118.37,0.0343,0.2021,0.2028,0,0.7425,0.0479,238.06,3.0211,1
CARP,NFP,37,1,1.04,173.81,109.78,0.0002,0.1789,0.2363,0.0042,0.8997,0.0444,234.76,2.9108,1
CARP,PWM,4,1,4.9,173.32,69.85,0.0635,0.2112,0.0874,0,0.9001,0.065,231.15,2.5645,1
TILA,BWM,1,2,178.75,177.64,127.72,0.0022,0.2003,0.1868,0.0041,1.2968,0.0059,240.62,-6.964,1
TILA,BWM,7,2,179.25,159.79,136.75,0.0258,0.1819,0.1131,0.0006,1.7118,0.019,232.5,-3.5052,1
TILA,BWM,14,2,179.2,153.11,72.98,0.0082,0.2044,0.2444,0.0078,1.0364,0.0441,227.81,-2.0619,1
TILA,CFM,3,2,1.24,182.52,90.97,0.0875,0.2133,0.2414,0.0016,1.0523,0.0139,234.06,-0.8212,1
TILA,CFM,8,2,178.86,171.83,70.25,0.0001,0.1576,0.2892,0.0081,0.9968,0.0149,244.15,-3.0356,1
TILA,CFM,10,2,177.28,150.55,96.44,0.0045,0.185,0.1027,0.0015,1.081,0.004,242.51,-0.5814,1
TILA,CFM,22,2,177.26,135.3,120.64,0.0052,0.1891,0.003,0,1.1939,0.0166,232.45,8.3372,1
TILA,CFM,60,2,177.04,156.39,121.54,0.0003,0.1736,0.2803,0.0016,0.9567,0.0268,229.45,1.3743,1
TILA,NFP,11,2,0.38,149.42,112.1,0.0428,0.3208,0.2365,0.002,0.7526,0.0037,229.15,-18.0075,1
TILA,NFP,20,2,5.98,147.83,115.44,0.1751,0.3637,0.0353,0,0.7133,0.0213,243.36,3.916,1
TILA,PWM,36,2,2.11,185.59,72.56,0.0183,0.2023,0.1962,0.0067,1.1136,0.0155,234.98,-1.6765,1
TILA,PWM,40,2,1.86,140.35,160.53,0.0046,0.1658,0.1621,0.0064,0.8881,0.014,240.14,-3.3079,1
TILA,PWM,41,2,2.31,163.71,141.34,0.0681,0.221,0.163,0.0071,0.7134,0.0067,240.41,-0.5521,1
TILA,PWM,59,2,2.1,141.28,154.43,0.0442,0.2427,0.0916,0.0045,1.0261,0.012,244.8,-2.8594,1
TILA,PWM,60,2,0.55,149.62,135.88,0.0032,0.3139,0.1162,0.006,1.0586,0.0148,238.53,-2.3482,1
BANG,CFM,26,0,175.7,145.58,114.78,0.0006,0.1864,0.0169,0,0.9435,0.0697,238.62,-4.2991,1
BANG,CFM,27,0,179.77,134.43,111.6,0.0097,0.2426,0.0178,0,0.9757,0.0653,236.91,-5.1503,1
BANG,CFM,45,0,179.14,132.88,64.17,0,0.1321,0.0226,0,0.9378,0.0914,237.24,7.0846,1
BANG,CFM,65,0,0.18,115.56,99.69,0,0.2524,-0.033,0.0001,0.7967,0.0435,241.95,5.7069,1
BANG,PWM,9,0,5.68,117.48,108.09,0.0637,0.2453,0.0327,0,0.6761,0.1139,242.96,-0.9584,1
BANG,PWM,18,0,6.66,147.35,89.23,0.1851,0.2298,-0.0765,0,0.817,0.1189,242.4,-1.4799,1
BANG,PWM,25,0,6.63,182.42,83.85,0.0671,0.0842,0.1172,0,0.8587,0.0378,241.7,-6.0846,1
BANG,PWM,36,0,6.91,188.69,105.44,0.1278,0.1958,-0.0313,0,1.0246,0.0144,239.97,-10.9905,1
CARP,NFP,10,1,2.12,161.32,138.86,0.0541,0.3089,0.2782,0.0073,0.75,0.069,230.05,-1.8118,1
CARP,NFP,19,1,1.41,131.58,93.62,0.0195,0.2522,0.0282,0.0002,0.9266,0.0399,232.73,-0.1319,1
CARP,NFP,25,1,3.34,147.39,125.76,0.0757,0.2796,0.0952,0,0.7936,0.0437,231.73,-0.4038,1
CARP,PWM,8,1,7.93,182.55,106.49,0.0404,0.1611,0.1286,0.0024,0.917,0.076,235.26,2.9185,1
TILA,BWM,15,2,179.68,154.71,92.44,0.0193,0.2253,0.1416,0.0054,1.0772,0.0205,221.41,-2.2476,1
TILA,CFM,18,2,178.77,149.88,104.54,0.0169,0.1898,0.1999,0.0065,0.8479,0.011,243.07,2.5049,1
TILA,CFM,39,2,177.75,161.94,105.89,0.0005,0.1634,0.3269,0.0084,0.9834,0.0147,248.32,-8.099,1
TILA,CFM,57,2,177.62,153.59,66.58,0.021,0.1757,0.2919,0.0116,0.7567,0.0298,244.38,14.035,1
TILA,NFP,21,2,3.08,165.83,127.96,0.1399,0.2991,0.2085,0.0034,0.72,0.0166,241.56,3.4805,1
TILA,NFP,22,2,174.02,139.93,84.21,0.0001,0.2421,-0.0203,0.0009,0.8569,0.0062,240.16,3.7949,1
TILA,PWM,16,2,6,191.15,111.93,0.0557,0.148,0.0433,0,1.396,0.0087,232.14,-1.2477,1
TILA,PWM,54,2,1.79,161.56,145.38,0.1424,0.3,0.0824,0.004,0.9756,0.0199,232.03,-0.2966,1
BANG,CFM,20,0,179.45,168.82,80.25,0.0016,0.1706,0.0687,0.0001,0.9011,0.0283,231.04,1.3652,1
BANG,CFM,40,0,178.33,157.52,67.13,0,0.1375,-0.0068,0,0.9359,0.0201,234.62,2.2976,1
BANG,CFM,51,0,5.1,166.96,87.95,0.0082,0.1462,0.0128,0,0.9579,0.0013,237.48,-5.3939,1
BANG,CFM,55,0,179.53,163.36,67.36,0.0002,0.1108,0.0251,0.0004,0.9737,0.008,230.64,-4.0255,1
BANG,CFM,59,0,1.92,170.6,77.8,0.0786,0.2097,0.005,0,0.7992,0.0187,231.6,1.1714,1
BANG,CFM,60,0,179.99,171.31,44.35,0,0.1173,0.0061,0,0.8943,0.0116,219.71,3.2593,1
BANG,CFM,62,0,177.49,139.34,81.05,0,0.1562,-0.0315,0,0.9497,0.0599,239,3.3211,1
BANG,NFP,5,0,6.82,156.79,59.51,0.089,0.2392,0.0323,0,0.8702,0.1375,237.32,-1.9232,1
BANG,PWM,58,0,3.53,160.46,103.77,0.0903,0.2333,-0.0248,0,0.7906,0.0315,227.48,-4.2229,1
BANG,PWM,59,0,5.57,174.65,94.45,0.2179,0.2396,-0.0543,0,0.7821,0.0692,232.63,-2.5354,1
CARP,NFP,23,1,4.14,167.41,120.33,0.1961,0.2882,0.089,0,0.8271,0.0085,245.32,0.6364,1
TILA,BWM,10,2,0.3,151.35,106.11,0,0.2039,0.0092,0.0023,1.4691,0.0076,226.46,-5.931,1
TILA,CFM,29,2,179.61,149.56,122.64,0.0179,0.2545,0.0635,0.0001,1.6534,0.016,234.24,-0.5178,1
TILA,CFM,58,2,177.15,160.31,102.7,0.009,0.243,0.2034,0.0062,0.7601,0.0134,233.89,2.608,1
TILA,NFP,8,2,179.49,138.67,97.77,0.0747,0.2721,0.2558,0.0043,0.9392,0.0038,246.34,-16.5488,1
TILA,PWM,5,2,6.29,161.43,103.45,0.2083,0.1641,0.0269,0,1.0957,0.0118,235.82,-3.6588,1
TILA,PWM,30,2,6.38,166.68,74.32,0.1113,0.1784,0.0697,0.0005,1.0543,0.0129,233.38,-0.7627,1
TILA,PWM,32,2,6.73,180.28,107.53,0.0421,0.1663,0.0176,0,1.2536,0.0052,230.76,-1.5407,1
TILA,PWM,56,2,3.74,164.33,140.84,0.1487,0.2959,0.1694,0.0064,0.6342,0.0144,239.14,-0.5426,1
BANG,CFM,28,0,177.95,128.86,101.37,0.0004,0.282,0.0543,0.0002,0.8675,0.0768,238.89,-2.3592,1
BANG,CFM,36,0,178.86,153.5,70.28,0.0059,0.1572,-0.001,0,0.9835,0.0433,229.21,0.4032,1
BANG,CFM,41,0,1.13,143.19,76.37,0.1268,0.211,-0.0185,0,0.8832,0.0761,236.23,8.5692,1
BANG,CFM,57,0,179.23,176.75,63.86,0.0001,0.103,-0.0245,0.0002,1.0123,0.0049,223.44,0.4964,1
BANG,PWM,6,0,3.69,135.21,67.46,0.0638,0.1946,0.0999,0,0.8369,0.1015,240.03,-1.746,1
BANG,PWM,7,0,7.42,153.54,74.55,0.2436,0.1483,0.0295,0,0.657,0.0984,239.5,-0.3101,1
BANG,PWM,39,0,8.24,183.01,80.97,0.2936,0.2646,-0.0209,0,0.7007,0.0514,236.36,-4.6186,1
BANG,PWM,48,0,5.8,196.45,87.2,0.1308,0.1638,0.0155,0,0.9033,0.0052,229.57,-6.907,1
BANG,PWM,60,0,2.62,158.51,62.07,0.0953,0.249,0.0041,0,0.8277,0.0392,228.42,-4.6486,1
CARP,NFP,4,1,2.32,156.4,92.47,0.0027,0.2416,0.3932,0.01,0.7108,0.071,238.81,2.4573,1
CARP,NFP,29,1,2.99,147.74,102.25,0.0932,0.2309,0.0292,0,0.9625,0.0593,230,0.2122,1
TILA,BWM,9,2,178.74,154.97,96.73,0.0013,0.1769,0.0965,0.0002,1.4864,0.0023,223.78,-11.7923,1
TILA,BWM,28,2,178.57,133.51,154.81,0.0036,0.2103,0.2249,0.004,0.9738,0.0244,224.04,-1.5396,1
TILA,CFM,7,2,178.69,166.36,82.85,0.0005,0.1695,0.1772,0.0041,1.2781,0.0091,233.92,-1.658,1
TILA,CFM,9,2,0.97,186.82,82.13,0.0112,0.1469,0.2179,0.0069,1.2707,0.0099,233.27,1.8057,1
TILA,CFM,32,2,177.28,150.34,77.01,0.0077,0.1862,0.1357,0.005,0.7578,0.0028,235.44,11.8276,1
TILA,CFM,34,2,179.84,160.85,85.84,0.0162,0.2398,0.1295,0.0052,1.1755,0.005,241.64,4.0716,1
TILA,CFM,38,2,179.72,138.66,93.87,0.0026,0.24,0.2566,0.0002,1.0806,0.0123,236.45,-1.6852,1
TILA,NFP,7,2,3.78,154.67,113.31,0.1414,0.2276,0.1091,0,1.2822,0.0069,245.73,-11.0903,1
TILA,NFP,26,2,3.45,128.62,111.91,0.0697,0.2579,0.0323,0.0016,0.9229,0.007,243.41,2.6571,1
TILA,NFP,29,2,5.22,166.12,106.27,0.2034,0.2131,0.1265,0.0023,0.7295,0.007,242.46,3.0351,1
TILA,PWM,13,2,6.14,152.55,102.84,0.063,0.1901,0.0578,0.0024,0.9127,0.0072,234.59,-0.8647,1
TILA,PWM,19,2,7.01,169.51,127.29,0.037,0.1483,0.0665,0,1.2204,0.008,232.7,-0.569,1
TILA,PWM,20,2,4.79,150.9,91.16,0.145,0.1943,0.0693,0.0005,0.9963,0.0093,233.74,-3.5305,1
TILA,PWM,38,2,1.45,163.64,144.73,0.0098,0.1839,0.2761,0.0098,0.8361,0.0094,239.45,-1.8636,1
TILA,PWM,43,2,1.51,160.96,150.24,0.0458,0.214,0.2629,0.01,0.7865,0.0101,242.68,-1.6256,1
BANG,BWM,10,0,6.02,168.91,130.12,0.0251,0.2257,0.096,0,0.987,0.0255,240.49,-8.3952,1
BANG,BWM,19,0,2.61,152.55,103.44,0.0238,0.2504,0.0428,0,0.8656,0.0694,234.08,2.9801,1
BANG,BWM,28,0,5.53,190.18,79.6,0.0183,0.1575,0.1361,0,1.0589,0.0547,237.15,-2.5606,1
BANG,CFM,12,0,1.26,153.57,66.22,0.0226,0.2362,0.1761,0,0.8358,0.0891,234.29,2.5837,1
BANG,CFM,29,0,4.66,133.79,115.94,0.0046,0.2003,-0.0247,0,0.915,0.0639,234.03,-3.0887,1
BANG,CFM,52,0,0.75,156.53,63.83,0.0201,0.1534,0.1114,0.0004,0.8929,0.0343,224.81,-7.3517,1
BANG,PWM,29,0,6.49,156.51,94.49,0.1298,0.207,0.0393,0,0.7553,0.0373,237.25,-3.086,1
BANG,PWM,49,0,5.1,174.34,84.74,0.0889,0.1706,0.0083,0,0.9857,0.0098,231.52,-7.7315,1
BANG,PWM,55,0,3.67,155,80.76,0.1508,0.2521,0.0336,0,0.7242,0.0379,232.16,-3.6352,1
CARP,NFP,30,1,2.33,139.1,128.76,0.0145,0.2376,0.0263,0,0.9766,0.0365,230.74,0.5023,1
TILA,CFM,12,2,0.08,136.21,116.74,0.0066,0.3307,0.0972,0.0045,1.2522,0.0103,247.58,2.6487,1
TILA,CFM,21,2,177.98,120.97,130.07,0.0014,0.2329,0.0376,0.0001,1.3768,0.0196,234.8,10.7389,1
TILA,CFM,27,2,177.85,146.4,91.62,0.0009,0.2318,0.2398,0.0061,1.0466,0.011,242.24,-5.0658,1
TILA,PWM,6,2,3.71,161.98,81.88,0.1228,0.201,0.0364,0.0014,1.1792,0.0082,230.33,-0.8071,1
TILA,PWM,17,2,5.12,150.1,109.67,0.0928,0.2041,0.0028,0,1.4593,0.015,236.52,-2.9297,1
TILA,PWM,21,2,3.22,137.1,79.18,0.0708,0.2351,0.0149,0,1.1307,0.0075,229.35,-2.04,1
BANG,CFM,1,0,179.95,111.33,94.78,0,0.2532,0.0587,0,0.8967,0.1006,234.8,0.6336,1
BANG,CFM,16,0,179.42,163.56,90.33,0.0143,0.1427,-0.0018,0,1.0917,0.0043,231.01,1.0627,1
BANG,CFM,22,0,179.87,147.99,98.73,0.0041,0.2321,0.0967,0,0.9662,0.069,229.67,0.7492,1
BANG,CFM,35,0,2.01,146.88,73.69,0,0.1439,0.0012,0,0.9431,0.0276,231.62,12.6618,1
BANG,CFM,54,0,3.45,157.62,43.07,0,0.1453,0.0781,0.0001,0.876,0.0454,225.52,-3.5243,1
BANG,NFP,29,0,7.18,82.94,132.62,0.1261,0.1362,0.046,0,0.5452,0.1353,237.37,-0.8693,1
BANG,PWM,24,0,3.12,127.78,80.12,0.0469,0.2241,0.0818,0,0.8608,0.0595,237.82,-5.4878,1
CARP,NFP,13,1,4.98,154.46,158.53,0.1586,0.2581,0.2907,0.0022,0.8005,0.0898,226.62,-1.9461,1
CARP,PWM,1,1,2.91,147.72,99.1,0.0426,0.2681,0.1677,0,0.8063,0.0327,229.19,2.9752,1
TILA,BWM,8,2,177.66,167.79,128.85,0.0005,0.2036,0.1994,0.0031,1.7351,0.0134,229.66,-9.0116,1
TILA,CFM,20,2,1.07,143.49,111.64,0.0709,0.2452,0.2029,0.0085,0.9215,0.015,240.8,2.6379,1
TILA,CFM,41,2,176.36,152.53,90.38,0.0105,0.2098,0.1396,0.0049,1.1475,0.0121,240.7,9.811,1
TILA,CFM,43,2,177.68,146.12,93.75,0.0074,0.214,0.2419,0.0098,0.9902,0.025,239.15,11.5415,1
TILA,NFP,3,2,4.08,136.25,128.02,0.2356,0.224,0.1108,0.0046,0.7053,0.019,240.56,5.6908,1
TILA,PWM,3,2,6.41,157.18,119.57,0.0419,0.1483,0.2336,0,0.9859,0.0117,230.39,-1.7562,1
TILA,PWM,46,2,2.85,147.84,173.94,0.0867,0.2516,0.1477,0.0072,1.0241,0.011,243.12,-2.1074,1
TILA,PWM,57,2,4.35,149.19,153.13,0.2156,0.3267,0.1821,0.0067,0.8236,0.0402,232.47,-1.1036,1
BANG,BWM,4,0,5.79,159.59,95.02,0.0926,0.2372,-0.0396,0,1.1015,0.0128,236.43,-12.3647,1
BANG,BWM,30,0,5.21,178.47,86.59,0.0478,0.2288,0.0587,0,1.0545,0.0493,232.05,-2.9264,1
BANG,CFM,17,0,179.06,164.83,85.63,0.0016,0.1677,0.0438,0.0002,1.2196,0.0064,230.76,-1.3069,1
BANG,CFM,23,0,0.07,148.76,117.68,0.0005,0.2492,0.0917,0.0002,0.9095,0.0265,232.38,1.7123,1
BANG,CFM,30,0,179.09,135.17,104.17,0,0.2346,0.0277,0,1.0205,0.0318,234.54,-0.1258,1
BANG,CFM,53,0,2.05,151.88,75.48,0.0368,0.2286,0.0002,0,1.0142,0.0239,228.14,-4.1856,1
BANG,PWM,3,0,3.05,110.18,81.03,0.1379,0.1966,0.1029,0,0.863,0.1389,238.38,-3.3937,1
BANG,PWM,11,0,6.23,146.51,69.42,0.0876,0.1398,0.0526,0,0.7506,0.0415,232.6,-2.0581,1
BANG,PWM,47,0,9.73,176.08,95.55,0.2904,0.1647,-0.1146,0,0.8483,0.0248,229.02,-8.9435,1
TILA,BWM,3,2,178.63,117.88,153.13,0.0132,0.2218,0.2223,0.0074,0.9751,0.0041,240.04,-15.1125,1
TILA,CFM,1,2,1.73,140.23,113.39,0.0019,0.4043,0.1433,0.0038,0.918,0.0097,233.45,2.274,1
TILA,CFM,6,2,1.73,163.81,64.79,0.0004,0.1813,0.3048,0.0086,1.0178,0.013,236.93,-0.1176,1
TILA,CFM,13,2,177.59,150.59,115.72,0,0.2192,0.1732,0.0067,1.022,0.0073,235.93,2.0611,1
TILA,CFM,25,2,178.82,126.28,83.69,0.005,0.3053,-0.0029,0.0007,1.5576,0.0189,231.24,7.2462,1
TILA,CFM,54,2,178.89,164.07,105.11,0,0.1406,0.3469,0.0112,0.9312,0.0086,240.13,-0.8257,1
TILA,NFP,23,2,175.43,125.27,144,0.0001,0.2668,0.1476,0.0056,0.6244,0.0082,240.22,4.2368,1
TILA,NFP,24,2,2.39,149.9,129.94,0.1843,0.4575,0.0703,0.0031,0.9877,0.0128,239.06,2.89,1
TILA,PWM,1,2,1.49,108.51,76.79,0.1192,0.2292,0.144,0.001,1.0075,0.0179,236.17,-1.5047,1
TILA,PWM,18,2,4.52,147.62,81.28,0.1714,0.1724,0.0288,0.0003,1.3717,0.0114,238.14,-0.9745,1
TILA,PWM,22,2,6.37,158.54,106.86,0.0643,0.171,0.0254,0.0002,1.4469,0.0091,232.35,-0.5653,1
TILA,PWM,53,2,1.61,146.97,155.03,0.0395,0.2899,0.2934,0.0092,0.8936,0.0162,240.74,-2.0704,1
BANG,BWM,3,0,7.35,179.55,88.44,0.1353,0.2459,0.0282,0.0001,1.0096,0.0101,234.24,-10.3087,1
BANG,CFM,24,0,178.46,151.05,84.07,0.0061,0.1906,0.1098,0,0.8863,0.0234,229.72,3.2467,1
BANG,CFM,31,0,178.44,140.88,55.68,0,0.1922,-0.0044,0,0.905,0.0112,227.91,9.5664,1
BANG,CFM,34,0,177.2,125.04,52.47,0,0.2026,0.0012,0,0.8817,0.045,232.22,10.6222,1
BANG,CFM,46,0,2.3,129.91,55.37,0.0965,0.2325,-0.0202,0,0.8424,0.0585,231.41,4.8617,1
CARP,NFP,12,1,2.69,148.33,100.25,0.1047,0.3417,0.2854,0.0085,0.6552,0.0519,232.43,0.9267,1
TILA,BWM,20,2,179.39,115,119.23,0.0001,0.3558,0.1943,0.0052,0.9436,0.0235,222.35,-2.924,1
TILA,CFM,15,2,177.39,165.73,90.47,0.0026,0.152,0.2613,0.0098,0.9422,0.0044,239.72,2.3248,1
TILA,CFM,31,2,179.08,135.2,111.16,0.0087,0.2278,0.1351,0.007,1.0922,0.0141,229.95,8.8276,1
TILA,CFM,37,2,0.16,141.89,80.61,0.0063,0.2181,0.3217,0.012,0.9906,0.0199,237.47,-4.1829,1
TILA,NFP,5,2,177.92,138.91,89.32,0.0483,0.2694,0.3596,0.004,1.0571,0.0047,245.66,-16.5808,1
TILA,NFP,19,2,6.8,146.17,109.88,0.3441,0.3993,-0.0352,0.0029,0.7529,0.0182,243.6,2.0297,1
TILA,PWM,11,2,6.12,136.43,110.71,0.0747,0.2086,0.0554,0,1.2066,0.011,230.29,-5.5635,1
TILA,PWM,15,2,5.38,154.9,111.56,0.097,0.1733,0.1099,0.0013,1.1655,0.0079,232.32,0.8477,1
BANG,BWM,23,0,4.2,176.57,95.42,0.0667,0.2893,0.0315,0.0001,0.9612,0.0184,224.2,-2.568,1
BANG,CFM,5,0,1.86,144.35,87.22,0.1473,0.3368,0.0539,0,0.9198,0.0403,231.08,-5.7636,1
BANG,CFM,21,0,179.86,146.28,94.2,0,0.225,0.1413,0.0008,0.8105,0.0392,228.3,-0.4327,1
BANG,NFP,3,0,6.18,179.56,80.02,0.3972,0.3634,-0.0863,0,0.9986,0.1143,235.9,-2.0362,1
BANG,PWM,16,0,6.24,144.09,70.31,0.2746,0.2525,0.101,0.0003,0.7746,0.1422,240.45,-2.0196,1
BANG,PWM,52,0,8.77,200.17,100.52,0.2568,0.1829,0.0837,0,0.8169,0.0083,234.16,-7.6138,1
BANG,PWM,57,0,7.55,173.92,115.63,0.3271,0.2326,-0.0722,0,0.8768,0.0521,232.23,-2.7749,1
CARP,NFP,5,1,2.64,139.95,131.77,0.0966,0.3087,0.6415,0.0233,0.5731,0.0867,234.58,-1.0862,1
CARP,PWM,2,1,7.18,152.59,154.93,0.1369,0.2019,0.0406,0.0002,0.9542,0.0621,233.96,4.6036,1
CARP,PWM,7,1,8.09,154.62,87.63,0.3001,0.2127,0.1063,0.0007,0.7481,0.0691,234.35,3.9718,1
CARP,PWM,10,1,5.41,169.82,102.45,0.0862,0.1773,0.2415,0.0031,0.9217,0.0462,235.96,3.5268,1
TILA,BWM,4,2,1.27,161.91,116.13,0.0629,0.167,0.2354,0.0101,1.3967,0.0207,225.38,-10.8141,1
TILA,BWM,21,2,177.81,126.36,122.22,0.0005,0.2196,0.2327,0.0041,1.0916,0.0084,238.86,-3.7033,1
TILA,BWM,22,2,176.13,142.47,134.13,0.0004,0.1898,0.1546,0.0061,1.1376,0.0083,232.25,-3.9052,1
TILA,BWM,23,2,179.32,142.6,162.3,0.0047,0.314,0.2143,0.0076,1.2102,0.0101,238.84,-2.8801,1
TILA,CFM,55,2,177.46,146.2,107.79,0.0001,0.1729,0.2096,0.0057,1.1234,0.0083,236.28,7.2449,1
TILA,NFP,6,2,2.15,176.37,110.19,0.0895,0.298,0.7691,0.0283,0.9546,0.0074,246.51,-27.303,1
TILA,PWM,4,2,7.69,157.14,82.73,0.2541,0.1825,0.1067,0,0.7211,0.0071,229.24,-0.68,1
BANG,CFM,33,0,179.94,141.93,74.05,0.0501,0.1779,0.0125,0,1.0556,0.0079,232.59,7.1136,1
BANG,CFM,38,0,179.38,145.31,76.21,0,0.2137,0.0876,0.0002,0.9171,0.0181,226.95,4.2942,1
BANG,NFP,9,0,3.15,159.26,80.68,0.1698,0.3546,-0.0482,0.0028,0.8099,0.1403,235.72,2.5375,1
BANG,PWM,2,0,3.62,116.67,86.72,0.2809,0.2323,0.1456,0,0.8161,0.1508,239.1,-2.8193,1
BANG,PWM,5,0,5.36,117.25,71.04,0.1651,0.2514,0.1261,0,0.856,0.1394,240.03,-2.3434,1
TILA,BWM,13,2,176.68,149.57,107.56,0.0783,0.2319,0.157,0.0063,1.1154,0.0153,220.09,-2.4702,1
TILA,CFM,24,2,1.55,147.61,125.55,0.08,0.299,0.1178,0.0054,1.3051,0.0183,227.52,2.9884,1
TILA,CFM,30,2,179.1,140.25,147.04,0.0021,0.267,0.2,0.0057,1.3214,0.0084,237.05,-1.7135,1
TILA,CFM,33,2,1.79,140.92,99.6,0.0706,0.2123,0.0853,0.0028,1.1075,0.0092,220.14,5.6347,1
TILA,PWM,2,2,5.61,132.05,100.61,0.1009,0.2024,0.0632,0.002,1.1313,0.0055,234.87,-0.4455,1
TILA,PWM,12,2,4.34,147.8,78.25,0.1659,0.2044,0.0241,0.0006,1.5162,0.0081,235.31,-0.7484,1
TILA,PWM,24,2,6.73,158.67,80.35,0.2261,0.1764,-0.0518,0,1.3674,0.0073,232.9,-0.0387,1
TILA,PWM,25,2,5.37,141.97,126.73,0.0452,0.219,0.0967,0,1.5815,0.0088,237.83,-2.9851,1
TILA,PWM,26,2,4.89,118.92,117.25,0.1059,0.2571,0.0885,0,1.0571,0.0109,231.22,-3.409,1
TILA,PWM,29,2,6.19,167.35,96.59,0.0829,0.159,0.1554,0.0021,1.2832,0.0084,228.74,0.7093,1
TILA,PWM,31,2,7.58,165.02,105.09,0.2701,0.2108,0.0186,0,1.3887,0.0121,233.03,-3.7724,1
BANG,CFM,15,0,2.59,180.77,95.65,0,0.0979,0.1452,0.0005,1.2837,0.0072,232.03,0.1554,2
BANG,CFM,37,0,178.24,156.49,71.97,0,0.1177,0.0751,0.0001,0.9938,0.0107,222.52,4.8394,2
BANG,PWM,4,0,7.07,117.47,67.05,0.2556,0.2383,0.0373,0,0.8446,0.1259,240.19,-5.0463,2
BANG,PWM,21,0,8.41,169.17,79.45,0.3792,0.2024,0.0973,0,0.8175,0.1084,238.95,-2.5776,2
BANG,PWM,51,0,8.98,169.01,83.51,0.3404,0.1651,-0.0094,0,0.7114,0.0177,229.29,-5.3107,2
CARP,PWM,9,1,8.61,158.99,95.12,0.1874,0.1742,0.1163,0,0.9286,0.0394,231.46,-1.4731,2
TILA,BWM,18,2,178.89,123.2,132.04,0.0064,0.291,0.1507,0.005,1.1579,0.0138,217.45,-2.7721,2
TILA,BWM,25,2,1.45,147.85,104.62,0.037,0.2399,0.2079,0.006,1.3088,0.0148,229.33,1.9809,2
TILA,CFM,52,2,177.48,144.77,108.28,0.0006,0.1871,0.1683,0.0056,1.3948,0.0102,238.69,5.4385,2
TILA,PWM,23,2,6.97,153.4,107.27,0.2205,0.214,0.0501,0,1.2111,0.0063,235.93,-0.483,2
BANG,BWM,27,0,5.01,158.32,99.54,0.0913,0.2334,0.0356,0,0.9324,0.0196,223.15,-2.0217,2
BANG,BWM,29,0,5.71,158.47,92.77,0.0711,0.2085,0.0249,0,1.0452,0.0378,227.21,-2.6036,2
BANG,CFM,39,0,177.37,132.94,85.02,0,0.1559,0.0732,0,0.9446,0.0328,225.93,4.9959,2
BANG,PWM,22,0,5.05,145.67,61.84,0.0348,0.1368,0.0042,0,0.9698,0.014,225.58,-0.6959,2
BANG,PWM,30,0,3.35,129.22,61.65,0.1708,0.2255,0.0009,0,1.2721,0.0945,233.94,-2.0571,2
CARP,NFP,22,1,3.3,133.68,133.02,0.0219,0.2627,0.0633,0,0.9357,0.032,226.78,5.504,2
TILA,BWM,16,2,173.14,124.93,117.62,0.002,0.336,0.079,0.0024,1.0019,0.0128,221.69,0.8214,2
TILA,BWM,30,2,179.6,139.79,131.13,0.0002,0.2586,0.2844,0.0097,1.277,0.0228,221.29,-4.1964,2
TILA,NFP,14,2,0.72,124.87,118.9,0.0682,0.2726,0.3919,0.0203,0.7284,0.0021,247.67,-25.7577,2
BANG,BWM,8,0,7.06,166.68,69,0.1803,0.265,-0.0045,0,1.0669,0.0085,227.97,-10.1041,2
BANG,BWM,25,0,6.82,187.92,88.28,0.2981,0.3626,0.0395,0,0.8024,0.0331,226.12,-2.2828,2
BANG,CFM,10,0,2.82,158.39,98.63,0.023,0.2289,0.4123,0.004,0.7007,0.0956,235.33,0.7699,2
BANG,CFM,13,0,2.09,144.73,73.84,0.0059,0.2326,0.2307,0.002,0.7678,0.0907,236.11,2.3861,2
BANG,PWM,31,0,7.06,135.61,81.95,0.2677,0.1802,0.1982,0.0013,0.6021,0.0975,243.6,-3.2458,2
BANG,PWM,53,0,7.59,206.33,71.43,0.0744,0.174,0.3129,0.0045,0.737,0.0394,237.58,-6.229,2
CARP,NFP,15,1,1.76,148.1,154.54,0.0288,0.336,0.3693,0.0082,0.8891,0.0751,230.52,3.9722,2
CARP,PWM,5,1,7.44,152.83,87.52,0.1893,0.2433,0.1369,0,0.8456,0.0353,229.35,2.4553,2
TILA,BWM,19,2,176.59,132.06,139.9,0.0001,0.1685,0.4233,0.0172,0.9782,0.0418,228.08,0.244,2
TILA,CFM,56,2,176.13,152.22,75.33,0.0026,0.2232,0.5346,0.0218,0.914,0.0166,245.7,14.2456,2
TILA,NFP,12,2,2.46,158.75,127.41,0.1778,0.392,0.4092,0.0008,1.2309,0.0021,238.97,-13.2208,2
BANG,CFM,18,0,4.61,159.21,118.7,0.0036,0.2394,0.0533,0.0009,1.1233,0.0311,231.45,-1.9481,2
BANG,PWM,27,0,7.39,145.64,74.35,0.1874,0.2056,0.0694,0,0.9762,0.0504,233.69,-6.8929,2
BANG,PWM,32,0,8.54,153.38,82.58,0.2821,0.21,0.0895,0,0.778,0.0606,231.98,-3.7657,2
CARP,NFP,7,1,3.41,166.21,101.8,0.0135,0.2488,0.4081,0.0174,0.7831,0.0334,230.32,-1.5104,2
TILA,CFM,14,2,178.15,121.19,115.39,0.0034,0.2166,0.1679,0.005,0.9828,0.0045,220.89,5.2531,2
TILA,CFM,16,2,177.73,137.25,113.97,0.024,0.2804,0.2913,0.009,1.1141,0.0101,243.23,2.6943,2
TILA,CFM,17,2,0.27,135.94,102.6,0.0273,0.308,0.258,0.0088,1.1922,0.012,230.77,0.9106,2
TILA,CFM,23,2,1.64,141.42,110.24,0.0898,0.2604,0.1354,0.0062,1.3996,0.0115,231.86,12.6021,2
TILA,CFM,53,2,179.27,149.48,99.63,0.0006,0.1864,0.3295,0.0087,1.5898,0.0097,238.62,-3.9241,2
TILA,NFP,13,2,0.51,137.46,118.11,0.0839,0.2708,0.7765,0.0323,0.8557,0.0048,232.42,-23.71,2
TILA,PWM,14,2,5.46,152.94,83.52,0.2145,0.2147,0.1137,0.0047,1.1628,0.0054,230.26,-2.9606,2
BANG,BWM,2,0,7.67,151.72,96.54,0.293,0.2543,0.0066,0,1.0628,0.0205,238.88,-12.9076,2
BANG,CFM,32,0,177.64,129.75,79.48,0,0.2243,0.0539,0.0017,0.9225,0.0444,234.62,6.6965,2
BANG,PWM,50,0,10.34,185.25,103.91,0.3081,0.2482,-0.0205,0,0.9581,0.0079,226.5,-7.9178,2
CARP,NFP,11,1,178.55,131.73,118.09,0,0.2621,0.434,0.0184,0.6162,0.0369,230.92,1.631,2
CARP,PWM,6,1,2.37,157.72,81.9,0.0076,0.2606,0.383,0.0174,0.7069,0.0339,229.39,2.7459,2
TILA,BWM,17,2,174.87,143.79,120.53,0,0.2263,0.2273,0.0072,1.013,0.0098,216.31,0.9298,2
BANG,BWM,26,0,7.61,154.26,77.78,0.1604,0.2501,0.0103,0,0.8617,0.0178,218.63,-0.137,2
BANG,BWM,31,0,7.27,163.7,94.41,0.2151,0.2433,0.072,0,1.094,0.0688,234.08,-2.2459,2
BANG,CFM,11,0,1.59,136.42,82.39,0.0241,0.2825,0.1759,0.0009,0.9831,0.0606,235.07,2.4556,2
BANG,PWM,8,0,9.99,150.72,67.51,0.4753,0.2537,0.0121,0,0.7771,0.0945,239.89,-1.3563,2
TILA,NFP,15,2,178.91,126.87,129.16,0.0779,0.2512,0.3292,0.0165,0.8267,0.0013,230.13,-22.1052,2
BANG,CFM,6,0,3.41,144.59,73.99,0.0293,0.2176,0.2093,0.0047,0.7521,0.0309,229.72,-6.7121,2
BANG,CFM,19,0,10.24,191.64,86.6,0.4646,0.1832,-0.018,0,1.1529,0.033,242.51,-1.9919,2
TILA,PWM,8,2,5.94,136.82,83.2,0.3259,0.2318,0.0544,0.0014,1.2323,0.0104,228.71,-0.9492,2
BANG,PWM,15,0,11.91,121.71,75.44,0.7245,0.2157,0.008,0,0.5086,0.081,241.28,-1.7852,2
TILA,PWM,28,2,9.21,171.56,108.2,0.376,0.2037,0.0724,0,1.4993,0.0071,233.55,-2.0889,2
BANG,BWM,6,0,7.93,166.91,102.48,0.2268,0.1959,0.2626,0.0056,0.7378,0.0325,236.17,-10.9401,2
BANG,BWM,7,0,7.34,167.47,82.74,0.3162,0.27,0.6023,0.0224,0.5855,0.0172,238.54,-9.7615,2
BANG,CFM,25,0,1.95,140.76,107.66,0.0167,0.2928,0.1858,0.0031,0.8268,0.0146,237.63,-0.0953,2
BANG,NFP,1,0,8.89,119.88,41.49,0.48,0.1627,0.0174,0,0.7736,0.1091,236.2,-0.449,2
BANG,PWM,14,0,12.7,122.45,84.7,0.8278,0.2172,0.0869,0,0.6744,0.1337,241.79,-1.2121,2
BANG,NFP,4,0,11.04,113.37,114.46,0.8329,0.122,-0.0074,0,0.8617,0.1291,236.2,-3.7062,2
TILA,PWM,10,2,9.3,147.52,89.5,0.4734,0.266,0.1888,0.0033,0.6172,0.0096,229.07,1.0206,2
BANG,CFM,2,0,6.31,110.28,82.47,0.2482,0.3323,0.078,0,0.9126,0.0896,232.94,1.5332,2
BANG,PWM,10,0,12.72,124.86,70.52,0.8041,0.2181,0.1229,0,0.7015,0.104,243.87,-1.2402,2
BANG,BWM,24,0,9.18,168.85,112.74,0.5217,0.3111,0.0319,0,0.8306,0.0226,222.9,-1.7355,2
BANG,PWM,23,0,8.51,169.14,77.01,0.3415,0.1554,0.2291,0.0018,0.9968,0.0266,238.78,-8.1273,2
BANG,PWM,19,0,10.94,148.21,102.72,0.7477,0.2539,0.2477,0.0025,0.6873,0.1269,238.94,-2.1393,2
BANG,BWM,22,0,9.35,167.35,107.63,0.5881,0.3456,0.1005,0,0.9032,0.0281,225.73,0.2048,2
BANG,PWM,28,0,9.12,107.8,123.59,0.571,0.1838,0.0551,0,0.9783,0.0432,235.88,-2.5032,2
BANG,PWM,54,0,13.18,21.79,135.64,0.9903,0.2229,0.012,0,0.903,0.0107,239.69,-6.5619,2
CARP,PWM,3,1,10.03,136.45,109.87,0.3826,0.2594,0.5252,0.0223,0.7701,0.0511,234.04,0.2065,2
BANG,PWM,26,0,14.09,53.22,91.03,0.9808,0.1929,0.1334,0.0003,0.928,0.0501,235.85,-3.5426,2
